position,team,xP,assists,bonus,bps,clean_sheets,creativity,element,fixture,goals_conceded,goals_scored,ict_index,influence,minutes,opponent_team,own_goals,penalties_missed,penalties_saved,red_cards,saves,selected,threat,total_points,transfers_in,transfers_out,value,was_home,yellow_cards
DEF,Man Utd,1.0,0,0,6,0,0.0,286,228,0,0,0.0,0.0,0,19,0,0,0,0,0,11164,0.0,1,42,368,49,True,0
FWD,Aston Villa,1.0,0,0,6,0,0.0,49,225,0,0,0.0,0.0,0,8,0,0,0,0,0,178454,0.0,1,0,15944,45,False,0
MID,Watford,1.0,0,0,6,0,0.0,394,230,0,0,0.0,0.0,0,15,0,0,0,0,0,901,0.0,1,0,8,45,True,0
MID,Watford,1.0,0,0,6,0,0.0,394,164,0,0,0.0,0.0,0,5,0,0,0,0,0,901,0.0,1,0,8,45,False,0
MID,Southampton,5.0,0,0,22,0,28.8,341,229,1,0,5.1,22.2,90,12,0,0,0,0,0,300618,0.0,3,36877,21374,63,True,0
MID,Man Utd,9.7,0,0,18,1,45.3,277,228,0,0,6.2,9.8,90,19,0,0,0,0,0,1840063,7.0,4,313634,27980,117,True,0
GK,Liverpool,2.0,0,0,6,0,0.0,223,224,0,0,0.0,0.0,0,7,0,0,0,0,0,16272,0.0,1,65,161,43,False,0
MID,Crystal Palace,1.0,0,0,6,0,0.0,148,224,0,0,0.0,0.0,0,11,0,0,0,0,0,110840,0.0,1,1125,6380,43,True,0
FWD,Everton,1.0,0,0,6,0,0.0,564,225,0,0,0.0,0.0,0,2,0,0,0,0,0,1117,0.0,1,0,1,60,True,0
MID,Watford,1.0,0,0,6,0,0.0,405,230,0,0,0.0,0.0,0,15,0,0,0,0,0,6343,0.0,1,236,294,43,True,0
MID,Watford,1.0,0,0,6,0,0.0,405,164,0,0,0.0,0.0,0,5,0,0,0,0,0,6343,0.0,1,236,294,43,False,0
DEF,Newcastle,3.5,0,0,22,1,0.5,301,226,0,0,1.1,10.0,62,10,0,0,0,0,0,1067,0.0,6,122,46,45,False,1
MID,Crystal Palace,0.0,0,0,6,0,0.0,157,224,0,0,0.0,0.0,0,11,0,0,0,0,0,2580,0.0,1,29,50,47,True,0
MID,Brighton,4.7,0,0,26,0,17.8,74,227,1,0,5.2,17.6,90,9,0,0,0,0,0,72014,17.0,3,7092,9732,53,False,0
MID,Brighton,1.0,0,0,6,0,0.0,66,227,0,0,0.0,0.0,0,9,0,0,0,0,0,102,0.0,1,0,0,55,False,0
DEF,Wolves,1.0,0,0,6,0,0.0,428,222,0,0,0.0,0.0,0,3,0,0,0,0,0,6805,0.0,1,28,166,49,False,0
DEF,Man Utd,5.0,0,3,44,1,26.7,510,228,0,0,5.7,21.4,90,19,0,0,0,0,0,214191,9.0,10,9042,16920,45,True,0
MID,Crystal Palace,3.0,0,0,12,0,3.7,155,224,3,0,2.1,8.8,90,11,0,0,0,0,0,5157,8.0,2,450,629,54,True,1
MID,Watford,4.3,0,0,6,0,0.0,698,230,0,0,0.0,0.0,0,15,0,0,0,0,0,0,0.0,1,0,0,50,True,0
MID,Watford,4.3,0,0,6,0,0.0,698,164,0,0,0.0,0.0,0,5,0,0,0,0,0,0,0.0,1,0,0,50,False,0
GK,Watford,1.0,0,0,6,0,0.0,574,230,0,0,0.0,0.0,0,15,0,0,0,0,0,54964,0.0,1,137,1438,40,True,0
GK,Watford,1.0,0,0,6,0,0.0,574,164,0,0,0.0,0.0,0,5,0,0,0,0,0,54964,0.0,1,137,1438,40,False,0
FWD,Watford,4.4,0,0,20,0,14.3,468,230,3,0,3.3,6.0,90,15,0,0,0,0,0,925137,13.0,3,340355,163803,58,True,0
FWD,Watford,4.4,0,0,10,1,24.7,468,164,0,0,8.5,14.0,90,5,0,0,0,0,0,925137,46.0,2,340355,163803,58,False,1
FWD,Everton,5.5,0,0,5,0,2.4,180,225,1,0,3.7,0.6,90,2,0,0,0,0,0,329381,34.0,3,27096,5164,74,True,0
DEF,West Ham,1.0,0,0,6,0,0.0,554,228,0,0,0.0,0.0,0,13,0,0,0,0,0,20761,0.0,1,102,278,40,False,0
GK,Aston Villa,1.0,0,0,6,0,0.0,650,225,0,0,0.0,0.0,0,8,0,0,0,0,0,731,0.0,1,55,52,40,False,0
DEF,Norwich,1.7,0,0,9,0,1.3,321,230,0,0,0.4,2.4,3,18,0,0,0,0,0,1310,0.0,2,117,40,44,False,0
DEF,Watford,1.0,0,0,6,0,0.0,377,230,0,0,0.0,0.0,0,15,0,0,0,0,0,19603,0.0,1,347,565,42,True,0
DEF,Watford,1.0,0,0,6,0,0.0,377,164,0,0,0.0,0.0,0,5,0,0,0,0,0,19603,0.0,1,347,565,42,False,0
GK,Man City,6.0,0,0,17,0,0.0,257,229,1,0,1.7,16.8,90,16,0,0,0,0,2,1075882,0.0,3,80693,19793,61,False,0
DEF,Wolves,1.0,0,0,6,0,0.0,686,222,0,0,0.0,0.0,0,3,0,0,0,0,0,291,0.0,1,190,21,40,False,0
DEF,Leeds,1.0,0,0,6,0,0.0,184,226,0,0,0.0,0.0,0,14,0,0,0,0,0,21968,0.0,1,95,802,44,True,0
DEF,Aston Villa,1.0,0,0,6,0,0.0,46,225,0,0,0.0,0.0,0,8,0,0,0,0,0,1170,0.0,1,0,6,45,False,0
DEF,Aston Villa,0.5,0,0,6,0,0.0,39,225,0,0,0.0,0.0,0,8,0,0,0,0,0,191144,0.0,1,2806,15589,47,False,0
MID,Man City,2.0,0,0,6,0,0.0,629,229,0,0,0.0,0.0,0,16,0,0,0,0,0,286,0.0,1,21,27,44,False,0
MID,Wolves,4.5,0,0,6,0,1.3,435,222,0,0,0.2,0.2,15,3,0,0,0,0,0,124292,0.0,2,4821,2442,56,False,0
MID,Chelsea,2.8,0,0,23,1,13.6,123,223,0,0,2.7,13.4,72,17,0,0,0,0,0,547913,0.0,3,13556,68115,59,True,1
MID,Liverpool,6.0,1,0,22,0,22.8,240,224,1,0,4.9,10.8,90,7,0,0,0,0,0,3546479,15.0,6,331714,56324,84,False,0
MID,Man City,2.5,0,0,6,0,0.0,250,229,0,0,0.0,0.0,0,16,0,0,0,0,0,298683,0.0,1,4711,34711,73,False,0
DEF,Man Utd,1.0,0,0,6,0,0.0,275,228,0,0,0.0,0.0,0,19,0,0,0,0,0,1085229,0.0,1,1766,25748,50,True,0
FWD,Southampton,4.0,0,0,0,0,0.8,518,229,1,0,2.5,0.0,90,12,0,0,0,0,0,480605,25.0,3,41604,67977,52,True,0
DEF,Brighton,1.0,0,0,6,0,0.0,653,227,0,0,0.0,0.0,0,9,0,0,0,0,0,3607,0.0,1,126463,123642,40,False,0
DEF,Watford,1.0,0,0,6,0,0.0,618,230,0,0,0.0,0.0,0,15,0,0,0,0,0,460,0.0,1,18,31,44,True,0
DEF,Watford,1.0,0,0,6,0,0.0,618,164,0,0,0.0,0.0,0,5,0,0,0,0,0,460,0.0,1,18,31,44,False,0
FWD,Watford,1.0,0,0,6,0,0.0,388,230,0,0,0.0,0.0,0,15,0,0,0,0,0,55762,0.0,1,0,964,45,True,0
FWD,Watford,1.0,0,0,6,0,0.0,388,164,0,0,0.0,0.0,0,5,0,0,0,0,0,55762,0.0,1,0,964,45,False,0
DEF,Chelsea,1.0,0,0,6,0,0.0,539,223,0,0,0.0,0.0,0,17,0,0,0,0,0,948,0.0,1,0,2,45,True,0
FWD,Watford,1.0,0,0,6,0,0.0,393,230,0,0,0.0,0.0,0,15,0,0,0,0,0,8897,0.0,1,0,70,50,True,0
FWD,Watford,1.0,0,0,6,0,0.0,393,164,0,0,0.0,0.0,0,5,0,0,0,0,0,8897,0.0,1,0,70,50,False,0
GK,Spurs,0.5,0,0,6,0,0.0,659,223,0,0,0.0,0.0,0,6,0,0,0,0,0,1168,0.0,1,107,75,40,False,0
MID,West Ham,3.0,0,0,22,0,2.2,421,228,1,0,4.3,22.6,90,13,0,0,0,0,0,424249,18.0,2,8499,16072,51,False,1
MID,Man Utd,1.0,0,0,6,0,0.0,459,228,0,0,0.0,0.0,0,19,0,0,0,0,0,5233,0.0,1,74,75,47,True,0
MID,Leeds,1.0,0,0,6,0,0.0,192,226,0,0,0.0,0.0,0,14,0,0,0,0,0,4309,0.0,1,0,21,54,True,0
FWD,Crystal Palace,0.0,0,0,6,0,0.0,542,224,0,0,0.0,0.0,0,11,0,0,0,0,0,95125,0.0,1,1120,4049,45,True,0
MID,Liverpool,1.0,0,0,6,0,0.0,506,224,0,0,0.0,0.0,0,7,0,0,0,0,0,6116,0.0,1,82,55,53,False,0
MID,Aston Villa,1.0,0,0,6,0,0.0,37,225,0,0,0.0,0.0,0,8,0,0,0,0,0,1868,0.0,1,21,153,54,False,0
DEF,Aston Villa,1.0,0,0,6,0,0.0,52,225,0,0,0.0,0.0,0,8,0,0,0,0,0,41481,0.0,1,266,1069,47,False,0
MID,Leicester,1.5,0,0,6,0,0.0,214,227,0,0,0.0,0.0,0,4,0,0,0,0,0,9923,0.0,1,198,203,44,True,0
MID,Brighton,1.0,0,0,6,0,0.0,654,227,0,0,0.0,0.0,0,9,0,0,0,0,0,246,0.0,1,38,42,45,False,0
DEF,Norwich,1.0,0,0,6,0,0.0,324,230,0,0,0.0,0.0,0,18,0,0,0,0,0,3541,0.0,1,155,124,44,False,0
FWD,Chelsea,1.0,0,0,6,0,0.0,136,223,0,0,0.0,0.0,0,17,0,0,0,0,0,11411,0.0,1,0,29,65,True,0
DEF,Brighton,1.0,0,0,6,0,0.0,56,227,0,0,0.0,0.0,0,9,0,0,0,0,0,944685,0.0,1,3508,83000,41,False,0
MID,Watford,3.6,0,0,3,0,0.8,495,230,1,0,0.0,0.0,1,15,1,0,0,0,0,10604,2.0,0,113503,111129,55,True,0
MID,Watford,3.6,0,0,22,1,30.8,495,164,0,0,5.9,22.2,90,5,0,0,0,0,0,10604,6.0,4,113503,111129,55,False,0
MID,Everton,2.0,0,0,6,0,12.9,172,225,1,0,1.5,2.0,50,2,0,0,0,0,0,7361,0.0,1,90,182,49,True,1
DEF,Chelsea,1.0,0,0,6,0,0.0,142,223,0,0,0.0,0.0,0,17,0,0,0,0,0,1256996,0.0,1,612,381309,62,True,0
MID,Wolves,1.5,0,0,6,0,0.0,547,222,0,0,0.0,0.0,0,3,0,0,0,0,0,6372,0.0,1,15,77,45,False,0
MID,Leeds,1.0,0,0,6,0,0.0,552,226,0,0,0.0,0.0,0,14,0,0,0,0,0,5878,0.0,1,126504,124014,45,True,0
GK,Chelsea,5.8,0,1,33,1,0.0,129,223,0,0,2.3,22.8,90,17,0,0,0,0,3,55855,0.0,9,5882,4119,47,True,0
DEF,Aston Villa,2.0,0,0,9,0,0.0,36,225,0,0,0.0,0.0,1,8,0,0,0,0,0,17453,0.0,2,470,493,44,False,0
MID,Southampton,0.0,0,0,6,0,0.0,680,229,0,0,0.0,0.0,0,12,0,0,0,0,0,33,0.0,1,19,16,45,True,0
DEF,Aston Villa,4.5,0,1,30,1,13.3,38,225,0,0,3.6,23.0,90,8,0,0,0,0,0,531272,0.0,7,17999,12743,50,False,1
MID,Arsenal,1.0,0,0,6,0,0.0,13,221,0,0,0.0,0.0,0,5,0,0,0,0,0,4526,0.0,1,0,179,52,True,0
MID,Man Utd,1.3,0,0,6,0,0.0,276,228,0,0,0.0,0.0,0,19,0,0,0,0,0,86676,0.0,1,488,897,67,True,0
MID,Norwich,1.0,0,0,6,0,0.0,145,230,0,0,0.0,0.0,0,18,0,0,0,0,0,308672,0.0,1,1386,24894,43,False,0
MID,Aston Villa,1.0,0,0,6,0,0.0,497,225,0,0,0.0,0.0,0,8,0,0,0,0,0,1613,0.0,1,12,44,50,False,0
MID,Man City,2.0,0,0,6,0,0.0,453,229,0,0,0.0,0.0,0,16,0,0,0,0,0,30522,0.0,1,242,1074,48,False,0
MID,Norwich,1.3,0,0,6,0,0.0,648,230,0,0,0.0,0.0,0,18,0,0,0,0,0,422,0.0,1,130,65,44,False,0
DEF,Aston Villa,1.0,0,0,6,0,0.0,31,225,0,0,0.0,0.0,0,8,0,0,0,0,0,42,0.0,1,0,0,45,False,0
MID,Brentford,1.0,0,0,6,0,0.0,79,222,0,0,0.0,0.0,0,20,0,0,0,0,0,2689,0.0,1,18,43,51,True,0
MID,Arsenal,1.0,0,0,6,0,0.0,15,221,0,0,0.0,0.0,0,5,0,0,0,0,0,20724,0.0,1,80,1910,50,True,0
GK,Arsenal,2.0,0,0,6,0,0.0,532,221,0,0,0.0,0.0,0,5,0,0,0,0,0,40264,0.0,1,163,930,40,True,0
DEF,Watford,9.0,0,0,21,0,13.2,382,230,2,0,2.7,13.6,88,15,0,0,0,0,0,17367,0.0,2,9963,1103,43,True,0
DEF,Watford,9.0,0,1,36,1,35.0,382,164,0,0,5.1,16.0,90,5,0,0,0,0,0,17367,0.0,8,9963,1103,43,False,0
MID,Burnley,1.0,0,0,6,0,0.0,578,221,0,0,0.0,0.0,0,1,0,0,0,0,0,39799,0.0,1,370,4412,59,False,0
MID,Burnley,1.0,0,0,6,1,14.1,578,164,0,0,5.9,5.2,90,18,0,0,0,0,0,39799,40.0,4,370,4412,59,True,0
FWD,Wolves,3.5,0,0,6,0,0.0,430,222,0,0,0.0,0.0,0,3,0,0,0,0,0,438891,0.0,1,48169,16565,74,False,0
DEF,Liverpool,2.0,0,0,6,0,0.0,660,224,0,0,0.0,0.0,0,7,0,0,0,0,0,372,0.0,1,28,20,40,False,0
MID,Newcastle,2.0,0,0,7,0,0.8,309,226,0,0,1.5,7.0,48,10,0,0,0,0,0,43180,7.0,2,17527,17981,45,False,0
MID,Leicester,2.0,0,0,10,0,0.9,458,227,1,0,0.3,1.8,12,4,0,0,0,0,0,8243,0.0,2,62,475,48,True,0
DEF,Arsenal,1.0,0,0,6,0,0.0,9,221,0,0,0.0,0.0,0,5,0,0,0,0,0,18462,0.0,1,0,83,48,True,0
FWD,Watford,1.6,0,0,1,0,13.2,450,230,3,0,2.1,0.0,77,15,0,0,0,1,0,3772542,10.0,0,295942,56429,61,True,0
FWD,Watford,1.6,0,0,6,0,0.0,450,164,0,0,0.0,0.0,0,5,0,0,0,0,0,3772542,0.0,1,295942,56429,61,False,0
MID,Arsenal,1.0,0,0,6,0,0.0,18,221,0,0,0.0,0.0,0,5,0,0,0,0,0,11330,0.0,1,0,105,45,True,0
MID,Leicester,1.0,0,0,6,0,0.0,203,227,0,0,0.0,0.0,0,4,0,0,0,0,0,83991,0.0,1,1417,4506,43,True,0
MID,Newcastle,3.0,0,0,12,1,5.7,298,226,0,0,3.3,0.0,90,10,0,0,0,0,0,6347,29.0,4,522,506,53,False,0
MID,West Ham,1.0,0,0,6,0,0.0,589,228,0,0,0.0,0.0,0,13,0,0,0,0,0,10696,0.0,1,121,371,44,False,0
MID,Man Utd,1.0,0,0,6,0,0.0,272,228,0,0,0.0,0.0,0,19,0,0,0,0,0,577759,0.0,1,235,4065,74,True,0
DEF,Aston Villa,1.0,0,0,6,0,0.0,670,225,0,0,0.0,0.0,0,8,0,0,0,0,0,382,0.0,1,77,36,40,False,0
MID,Aston Villa,1.0,0,0,6,0,0.0,32,225,0,0,0.0,0.0,0,8,0,0,0,0,0,25659,0.0,1,20,209,57,False,0
MID,Brighton,2.7,0,0,14,0,36.9,64,227,1,0,10.3,14.2,90,9,0,0,0,0,0,186181,52.0,3,4443,45280,61,False,0
MID,Brentford,3.5,0,0,16,0,13.3,77,222,2,0,3.2,12.2,90,20,0,0,0,0,0,54378,6.0,2,725,2014,50,True,1
DEF,Leicester,1.0,0,0,6,0,0.0,220,227,0,0,0.0,0.0,0,4,0,0,0,0,0,22466,0.0,1,38,117,43,True,0
MID,Man City,1.0,0,0,6,0,0.0,566,229,0,0,0.0,0.0,0,16,0,0,0,0,0,269,0.0,1,0,2,45,False,0
MID,Man Utd,1.7,0,0,6,0,0.0,271,228,0,0,0.0,0.0,0,19,0,0,0,0,0,26174,0.0,1,842,896,44,True,0
DEF,West Ham,2.7,0,0,6,0,0.0,417,228,0,0,0.0,0.0,0,13,0,0,0,0,0,30541,0.0,1,439,4897,44,False,0
MID,Everton,1.0,0,0,6,0,0.0,167,225,0,0,0.0,0.0,0,2,0,0,0,0,0,209,0.0,1,0,1,55,True,0
DEF,Norwich,5.7,0,1,31,1,0.6,290,230,0,0,1.3,12.0,90,18,0,0,0,0,0,450272,0.0,8,29005,11725,39,False,0
MID,Norwich,2.3,0,0,9,1,0.4,318,230,0,0,1.0,5.8,69,18,0,0,0,0,0,5953,4.0,3,604,651,49,False,1
DEF,Watford,2.4,0,0,6,0,0.0,400,230,0,0,0.0,0.0,0,15,0,0,0,0,0,4560,0.0,1,437,225,43,True,0
DEF,Watford,2.4,0,0,6,0,0.0,400,164,0,0,0.0,0.0,0,5,0,0,0,0,0,4560,0.0,1,437,225,43,False,0
DEF,Burnley,12.0,0,0,27,1,1.7,585,221,0,0,1.7,13.0,90,1,0,0,0,0,0,1501,2.0,7,19,36,45,False,0
DEF,Burnley,12.0,0,0,28,1,16.8,585,164,0,0,2.8,11.0,90,18,0,0,0,0,0,1501,0.0,7,19,36,45,True,0
MID,Liverpool,1.0,0,0,6,0,0.0,230,224,0,0,0.0,0.0,0,7,0,0,0,0,0,194745,0.0,1,421,18216,117,False,0
DEF,Liverpool,2.0,0,0,6,0,0.0,626,224,0,0,0.0,0.0,0,7,0,0,0,0,0,1061,0.0,1,34,33,40,False,0
FWD,Arsenal,3.0,0,0,8,0,1.7,20,221,0,0,0.7,1.0,13,5,0,0,0,0,0,20454,4.0,2,1151,2097,54,True,0
MID,Brighton,3.0,0,0,22,0,6.9,75,227,1,0,3.3,15.6,90,9,0,0,0,0,0,66754,10.0,3,2783,4791,45,False,0
DEF,Liverpool,1.0,0,0,6,0,0.0,248,224,0,0,0.0,0.0,0,7,0,0,0,0,0,9923,0.0,1,0,87,40,False,0
DEF,Chelsea,1.0,0,0,6,0,0.0,527,223,0,0,0.0,0.0,0,17,0,0,0,0,0,170916,0.0,1,87,16999,47,True,0
DEF,Norwich,1.0,0,0,6,0,0.0,515,230,0,0,0.0,0.0,0,18,0,0,0,0,0,22733,0.0,1,0,827,39,False,0
MID,Brighton,1.0,0,0,6,0,0.0,462,227,0,0,0.0,0.0,0,9,0,0,0,0,0,6375,0.0,1,25,947,59,False,0
MID,Southampton,0.0,0,0,6,0,0.0,332,229,0,0,0.0,0.0,0,12,0,0,0,0,0,9732,0.0,1,40,200,58,True,0
DEF,Newcastle,4.5,0,0,32,1,0.1,305,226,0,0,3.1,28.4,90,10,0,0,0,0,0,15143,2.0,7,565,674,43,False,0
MID,Leeds,3.5,0,0,15,0,3.3,186,226,1,0,2.5,10.4,79,14,0,0,0,0,0,27722,11.0,3,799,648,52,True,0
FWD,Southampton,2.7,0,0,9,0,0.9,345,229,1,0,0.7,6.2,90,12,0,0,0,0,0,70341,0.0,3,1258,2777,68,True,0
MID,West Ham,1.3,0,0,6,0,0.0,412,228,0,0,0.0,0.0,0,13,0,0,0,0,0,9380,0.0,1,52,148,51,False,0
MID,Norwich,1.0,0,0,6,0,0.0,320,230,0,0,0.0,0.0,0,18,0,0,0,0,0,1449,0.0,1,0,9,49,False,0
DEF,Chelsea,1.0,0,0,6,0,0.0,135,223,0,0,0.0,0.0,0,17,0,0,0,0,0,295228,0.0,1,132,5246,56,True,0
MID,Wolves,3.0,0,0,22,0,5.0,434,222,1,0,1.7,10.4,90,3,0,0,0,0,0,10168,2.0,3,286,328,47,False,0
DEF,Liverpool,13.5,2,3,41,0,48.1,234,224,1,0,11.0,47.0,90,7,0,0,0,0,0,343072,15.0,12,100716,9526,70,False,0
FWD,Wolves,1.0,0,0,6,0,0.0,583,222,0,0,0.0,0.0,0,3,0,0,0,0,0,245347,0.0,1,126757,151132,54,False,0
MID,Man Utd,5.0,0,0,28,0,1.4,281,228,0,1,7.2,31.4,28,19,0,0,0,0,0,77278,39.0,7,4296,16714,94,True,0
DEF,Wolves,7.5,0,0,16,0,7.0,470,222,1,0,2.8,20.6,90,3,0,0,0,0,0,111321,0.0,3,55982,4989,43,False,0
DEF,Brighton,1.0,0,0,6,0,0.0,536,227,0,0,0.0,0.0,0,9,0,0,0,0,0,3143,0.0,1,0,27,40,False,0
DEF,Newcastle,1.0,0,0,10,0,0.0,293,226,0,0,0.2,2.4,21,10,0,0,0,0,0,8069,0.0,2,19,149,44,False,0
MID,Brighton,2.3,0,0,12,0,3.5,55,227,1,0,2.4,10.6,61,9,0,0,0,0,0,23003,10.0,3,110516,110386,57,False,0
DEF,Burnley,0.0,0,0,6,0,0.0,534,221,0,0,0.0,0.0,0,1,0,0,0,0,0,24050,0.0,1,497,352,39,False,0
DEF,Burnley,0.0,0,0,6,0,0.0,534,164,0,0,0.0,0.0,0,18,0,0,0,0,0,24050,0.0,1,497,352,39,True,0
MID,Aston Villa,2.5,0,0,19,1,0.9,35,225,0,0,1.9,18.2,90,8,0,0,0,0,0,108129,0.0,4,3708,9347,58,False,0
DEF,Norwich,1.0,0,0,6,0,0.0,643,230,0,0,0.0,0.0,0,18,0,0,0,0,0,1119,0.0,1,188,76,40,False,0
MID,Arsenal,5.0,0,0,16,1,19.4,22,221,0,0,7.8,9.2,90,5,0,0,0,0,0,1321420,49.0,4,125898,107038,64,True,0
MID,Liverpool,5.5,0,0,7,0,0.1,236,224,0,0,0.0,0.0,30,7,0,0,0,0,0,10372,0.0,2,3175,1043,51,False,0
DEF,Liverpool,1.0,0,0,6,0,0.0,247,224,0,0,0.0,0.0,0,7,0,0,0,0,0,2202,0.0,1,0,10,44,False,0
GK,Crystal Palace,5.5,0,0,6,0,0.0,156,224,0,0,0.0,0.0,0,11,0,0,0,0,0,40348,0.0,1,116074,111646,44,True,0
DEF,Man City,8.5,0,0,21,0,35.8,256,229,1,0,7.8,23.0,90,16,0,0,0,0,0,4075182,19.0,3,244525,13743,71,False,0
MID,Aston Villa,1.0,0,0,6,0,0.0,41,225,0,0,0.0,0.0,0,8,0,0,0,0,0,13179,0.0,1,22,377,44,False,0
DEF,Arsenal,1.5,0,0,6,0,0.0,5,221,0,0,0.0,0.0,0,5,0,0,0,0,0,12973,0.0,1,27,284,42,True,0
DEF,Liverpool,2.5,0,0,10,0,0.0,238,224,0,0,0.3,3.2,1,7,0,0,0,0,0,35664,0.0,2,208,295,47,False,0
MID,Burnley,1.0,0,0,8,0,0.3,108,221,0,0,0.9,1.0,7,1,0,0,0,0,0,5538,8.0,2,206,247,54,False,0
MID,Burnley,1.0,0,0,6,0,0.0,108,164,0,0,0.0,0.0,0,18,0,0,0,0,0,5538,0.0,1,206,247,54,True,0
DEF,Spurs,1.0,0,0,17,0,0.3,361,223,2,0,1.3,12.8,90,6,0,0,0,0,0,476565,0.0,2,1118,108254,46,False,0
DEF,Leeds,1.0,0,0,6,0,0.0,563,226,0,0,0.0,0.0,0,14,0,0,0,0,0,29466,0.0,1,82,1054,40,True,0
DEF,Southampton,3.3,0,0,12,0,0.1,343,229,1,0,6.5,24.6,70,12,0,0,0,0,0,94132,40.0,2,12353,6497,44,True,1
MID,Brighton,2.3,0,0,24,0,1.0,73,227,1,0,1.3,12.0,61,9,0,0,0,0,0,2591,0.0,3,66,56,48,False,0
GK,Leicester,1.0,0,0,6,0,0.0,573,227,0,0,0.0,0.0,0,4,0,0,0,0,0,5967,0.0,1,48,187,40,True,0
MID,Watford,1.0,0,0,6,0,0.0,385,230,0,0,0.0,0.0,0,15,0,0,0,0,0,552,0.0,1,0,3,50,True,0
MID,Watford,1.0,0,0,6,0,0.0,385,164,0,0,0.0,0.0,0,5,0,0,0,0,0,552,0.0,1,0,3,50,False,0
DEF,Arsenal,3.4,0,0,6,0,0.0,695,221,0,0,0.0,0.0,0,5,0,0,0,0,0,0,0.0,1,0,0,40,True,0
MID,Liverpool,11.5,0,2,36,0,3.6,232,224,1,1,7.2,40.6,90,7,0,0,0,0,0,62432,28.0,10,4837,1074,54,False,0
DEF,Everton,1.0,0,0,6,0,0.0,570,225,0,0,0.0,0.0,0,2,0,0,0,0,0,873,0.0,1,0,4,40,True,0
MID,Brentford,1.0,0,0,6,0,0.0,628,222,0,0,0.0,0.0,0,20,0,0,0,0,0,235,0.0,1,16,16,45,True,0
DEF,Brentford,1.5,0,0,10,0,0.4,76,222,2,0,1.4,7.2,90,20,0,0,0,0,0,625289,6.0,1,5571,30841,46,True,1
MID,Wolves,8.5,1,3,51,0,31.7,426,222,1,1,12.2,72.8,90,3,0,0,0,0,0,62466,17.0,14,7529,4570,49,False,0
GK,Wolves,1.0,0,0,6,0,0.0,621,222,0,0,0.0,0.0,0,3,0,0,0,0,0,12202,0.0,1,156,485,40,False,0
GK,Everton,1.0,0,0,6,0,0.0,481,225,0,0,0.0,0.0,0,2,0,0,0,0,0,246111,0.0,1,631,5984,40,True,0
DEF,Man City,10.5,0,2,33,0,2.8,259,229,1,1,8.5,56.2,90,16,0,0,0,0,0,650166,26.0,11,146217,18314,57,False,0
DEF,Arsenal,2.0,0,0,6,0,0.0,466,221,0,0,0.0,0.0,0,5,0,0,0,0,0,38934,0.0,1,614,2847,43,True,0
DEF,Liverpool,2.0,0,0,6,0,0.0,245,224,0,0,0.0,0.0,0,7,0,0,0,0,0,1089519,0.0,1,38168,55456,37,False,0
MID,Newcastle,1.0,0,0,6,0,0.0,304,226,0,0,0.0,0.0,0,10,0,0,0,0,0,34326,0.0,1,533,1524,47,False,0
MID,Chelsea,4.5,1,0,29,1,65.2,138,223,0,0,13.6,29.0,90,17,0,0,0,0,0,2019018,42.0,7,36964,349934,77,True,0
MID,Brentford,2.0,0,0,8,0,0.3,524,222,1,0,0.2,0.0,32,20,0,0,0,0,0,7952,3.0,2,329,1306,59,True,0
MID,Arsenal,3.2,0,0,6,0,0.0,692,221,0,0,0.0,0.0,0,5,0,0,0,0,0,0,0.0,1,0,0,45,True,0
FWD,Man Utd,2.0,0,0,13,1,28.4,579,228,0,0,8.4,12.4,90,19,0,0,0,0,0,2568932,43.0,3,38613,309169,125,True,0
FWD,Burnley,4.3,0,0,6,0,0.0,700,221,0,0,0.0,0.0,0,1,0,0,0,0,0,0,0.0,1,0,0,65,False,0
FWD,Burnley,4.3,0,0,12,1,2.0,700,164,0,0,3.1,3.2,90,18,0,0,0,0,0,0,26.0,3,0,0,65,True,0
MID,Man Utd,1.3,0,0,6,0,0.0,282,228,0,0,0.0,0.0,0,19,0,0,0,0,0,17882,0.0,1,276,1010,57,True,0
FWD,Liverpool,1.0,0,0,6,0,0.0,235,224,0,0,0.0,0.0,0,7,0,0,0,0,0,86950,0.0,1,448,4714,48,False,0
DEF,Norwich,1.3,0,0,6,0,0.0,457,230,0,0,0.0,0.0,0,18,0,0,0,0,0,5592,0.0,1,76,91,44,False,0
MID,Everton,1.0,0,0,6,0,0.0,42,225,0,0,0.0,0.0,0,2,0,0,0,0,0,30533,0.0,1,151,1238,56,True,0
DEF,Southampton,2.7,0,0,23,0,1.1,342,229,1,1,5.9,40.8,90,12,0,0,0,0,0,37350,17.0,9,633,1291,48,True,0
MID,Southampton,0.0,0,0,2,0,0.0,517,229,1,0,0.0,0.2,45,12,0,0,0,0,0,8492,0.0,1,20,619,54,True,1
DEF,Watford,1.6,0,0,21,0,10.3,384,230,3,0,3.2,20.0,90,15,0,0,0,0,0,4071,2.0,2,74,57,43,True,0
DEF,Watford,1.6,0,0,6,0,0.0,384,164,0,0,0.0,0.0,0,5,0,0,0,0,0,4071,0.0,1,74,57,43,False,0
FWD,Watford,1.0,0,0,6,0,0.0,383,230,0,0,0.0,0.0,0,15,0,0,0,0,0,5094,0.0,1,0,25,54,True,0
FWD,Watford,1.0,0,0,6,0,0.0,383,164,0,0,0.0,0.0,0,5,0,0,0,0,0,5094,0.0,1,0,25,54,False,0
DEF,Liverpool,2.0,0,0,6,0,0.0,243,224,0,0,0.0,0.0,0,7,0,0,0,0,0,103020,0.0,1,1234,2736,51,False,0
FWD,Crystal Palace,3.0,1,0,24,0,10.8,159,224,2,0,5.9,25.4,76,11,0,0,0,0,0,10909,23.0,6,1047,1090,52,True,0
MID,Aston Villa,1.0,0,0,6,0,0.0,638,225,0,0,0.0,0.0,0,8,0,0,0,0,0,198,0.0,1,29,15,45,False,0
FWD,Spurs,0.5,0,0,6,0,0.0,520,223,0,0,0.0,0.0,0,6,0,0,0,0,0,197619,0.0,1,2713,7841,45,False,0
GK,Arsenal,10.0,0,2,32,1,0.0,559,221,0,0,1.2,12.0,90,5,0,0,0,0,1,1684136,0.0,9,66538,31551,51,True,0
DEF,Leicester,2.5,0,0,20,0,1.8,219,227,1,0,3.2,19.8,90,4,0,0,0,0,0,71211,10.0,3,2168,3665,43,True,0
MID,Everton,1.5,0,0,8,0,0.0,630,225,0,0,1.9,1.2,25,2,0,0,0,0,0,314,18.0,2,17,17,45,True,0
DEF,Man Utd,1.0,0,0,6,0,0.0,632,228,0,0,0.0,0.0,0,19,0,0,0,0,0,2428,0.0,1,166,386,45,True,0
DEF,Leeds,2.0,0,0,26,0,1.4,190,226,1,0,2.8,26.4,90,14,0,0,0,0,0,28832,0.0,2,2505,1485,45,True,1
DEF,Leeds,2.5,0,0,14,0,11.7,194,226,1,0,4.9,7.8,90,14,0,0,0,0,0,12142,29.0,3,126985,123300,43,True,0
MID,Arsenal,5.0,0,0,20,1,15.0,478,221,0,0,3.6,12.6,90,5,0,0,0,0,0,11275,8.0,4,171,255,48,True,0
FWD,Leeds,1.0,0,0,6,0,0.0,550,226,0,0,0.0,0.0,0,14,0,0,0,0,0,156271,0.0,1,3096,8621,45,True,0
DEF,Crystal Palace,0.0,0,0,6,0,0.0,161,224,0,0,0.0,0.0,0,11,0,0,0,0,0,780,0.0,1,47,44,45,True,0
FWD,Arsenal,4.0,0,0,14,1,35.5,6,221,0,0,7.5,7.4,90,5,0,0,0,0,0,412098,32.0,3,69594,30879,84,True,0
MID,Man City,11.5,1,3,34,0,50.8,251,229,1,0,11.2,32.2,90,16,0,0,0,0,0,1275355,29.0,9,549671,18977,121,False,0
MID,Liverpool,1.0,0,0,6,0,0.0,233,224,0,0,0.0,0.0,0,7,0,0,0,0,0,3205253,0.0,1,10197,581023,127,False,0
MID,Man City,4.0,0,0,0,0,5.2,255,229,1,0,3.5,3.0,59,16,0,0,0,0,0,353962,27.0,2,74699,29855,107,False,0
MID,Norwich,1.0,0,0,6,0,0.0,683,230,0,0,0.0,0.0,0,18,0,0,0,0,0,112,0.0,1,85,41,45,False,0
MID,Crystal Palace,1.0,0,0,6,0,0.0,154,224,0,0,0.0,0.0,0,11,0,0,0,0,0,365807,0.0,1,111,21381,68,True,0
DEF,Man City,2.0,0,0,6,0,0.0,651,229,0,0,0.0,0.0,0,16,0,0,0,0,0,517,0.0,1,32,28,40,False,0
GK,Newcastle,0.5,0,0,6,0,0.0,513,226,0,0,0.0,0.0,0,10,0,0,0,0,0,28408,0.0,1,156,594,43,False,0
GK,Brighton,3.7,0,1,29,0,0.0,69,227,1,0,3.7,36.6,90,9,0,0,0,0,4,1629926,0.0,5,24674,39501,46,False,0
DEF,Southampton,0.0,0,0,6,0,0.0,665,229,0,0,0.0,0.0,0,12,0,0,0,0,0,433,0.0,1,40,33,40,True,0
DEF,Liverpool,2.0,0,0,6,0,0.0,246,224,0,0,0.0,0.0,0,7,0,0,0,0,0,63654,0.0,1,2560,2055,38,False,0
DEF,Burnley,12.0,0,0,29,1,10.2,106,221,0,0,5.5,22.8,90,1,0,0,0,0,0,54951,22.0,7,133988,125046,48,False,0
DEF,Burnley,12.0,0,0,29,1,1.0,106,164,0,0,2.5,18.0,90,18,0,0,0,0,0,54951,6.0,7,133988,125046,48,True,0
DEF,Leeds,3.0,0,0,19,0,1.8,198,226,1,0,3.4,32.4,90,14,0,0,0,0,0,10980,0.0,3,557,193,43,True,0
MID,Everton,1.0,0,0,6,0,0.0,176,225,0,0,0.0,0.0,0,2,0,0,0,0,0,5832,0.0,1,23,122,48,True,0
GK,Wolves,1.0,0,0,6,0,0.0,611,222,0,0,0.0,0.0,0,3,0,0,0,0,0,15369,0.0,1,16691,16903,40,False,0
DEF,Arsenal,1.0,0,0,6,0,0.0,24,221,0,0,0.0,0.0,0,5,0,0,0,0,0,55,0.0,1,0,0,45,True,0
MID,Everton,1.0,0,0,6,0,0.0,174,225,0,0,0.0,0.0,0,2,0,0,0,0,0,14318,0.0,1,36,653,58,True,0
GK,Chelsea,1.0,0,0,6,0,0.0,143,223,0,0,0.0,0.0,0,17,0,0,0,0,0,1031379,0.0,1,489,115634,61,True,0
DEF,Spurs,1.0,0,0,6,0,0.0,358,223,0,0,0.0,0.0,0,6,0,0,0,0,0,14421,0.0,1,0,42,49,False,0
MID,Watford,1.0,0,0,6,0,0.0,557,230,0,0,0.0,0.0,0,15,0,0,0,0,0,1642,0.0,1,47,67,50,True,0
MID,Watford,1.0,0,0,6,0,0.0,557,164,0,0,0.0,0.0,0,5,0,0,0,0,0,1642,0.0,1,47,67,50,False,0
DEF,Crystal Palace,1.5,0,0,26,0,0.7,477,224,3,0,2.2,21.2,90,11,0,0,0,0,0,138036,0.0,2,2728,10805,45,True,0
FWD,Burnley,2.0,0,0,15,1,11.7,111,221,0,0,3.9,9.6,90,1,0,0,0,0,0,32649,18.0,3,1327,2828,52,False,0
FWD,Burnley,2.0,0,0,6,0,0.0,111,164,0,0,0.0,0.0,0,18,0,0,0,0,0,32649,0.0,1,1327,2828,52,True,0
DEF,Chelsea,1.0,0,0,6,0,0.0,139,223,0,0,0.0,0.0,0,17,0,0,0,0,0,3329,0.0,1,0,14,45,True,0
FWD,Brentford,1.2,0,0,10,0,0.3,88,222,0,0,0.2,0.2,11,20,0,0,0,0,0,10333,1.0,2,285,681,53,True,0
MID,Norwich,1.0,0,0,6,0,0.0,325,230,0,0,0.0,0.0,0,18,0,0,0,0,0,17836,0.0,1,299,298,53,False,0
FWD,Leeds,1.8,0,0,9,0,0.5,577,226,0,0,0.5,2.0,10,14,0,0,0,0,0,170232,2.0,2,5107,33318,46,True,0
MID,West Ham,9.3,0,0,11,0,16.9,420,228,1,0,3.3,8.0,90,13,0,0,0,0,0,2507157,8.0,3,324823,53674,68,False,0
FWD,Arsenal,1.0,0,0,6,0,0.0,530,221,0,0,0.0,0.0,0,5,0,0,0,0,0,26871,0.0,1,0,1379,47,True,0
DEF,Man City,1.0,0,0,6,0,0.0,253,229,0,0,0.0,0.0,0,16,0,0,0,0,0,29794,0.0,1,75,163,52,False,0
MID,Arsenal,1.0,0,0,6,0,0.0,3,221,0,0,0.0,0.0,0,5,0,0,0,0,0,6835,0.0,1,0,15,63,True,0
MID,Newcastle,0.5,0,0,6,0,0.0,599,226,0,0,0.0,0.0,0,10,0,0,0,0,0,8533,0.0,1,16704,16363,44,False,0
MID,Wolves,3.0,0,0,9,0,0.3,461,222,0,0,0.1,0.2,1,3,0,0,0,0,0,27090,0.0,2,506,463,56,False,0
MID,West Ham,3.0,0,0,14,0,3.9,416,228,1,0,1.1,5.0,90,13,0,0,0,0,0,70250,2.0,3,6966,16705,58,False,0
MID,Watford,5.0,0,0,12,0,23.3,354,230,3,0,3.9,4.0,90,15,0,0,0,0,0,218094,12.0,3,13884,13172,44,True,0
MID,Watford,5.0,0,0,20,1,15.1,354,164,0,0,3.8,22.6,90,5,0,0,0,0,0,218094,0.0,4,13884,13172,44,False,0
DEF,Burnley,0.0,0,0,6,0,0.0,565,221,0,0,0.0,0.0,0,1,0,0,0,0,0,8178,0.0,1,193,166,39,False,0
DEF,Burnley,0.0,0,0,6,0,0.0,565,164,0,0,0.0,0.0,0,18,0,0,0,0,0,8178,0.0,1,193,166,39,True,0
MID,Crystal Palace,0.5,0,0,6,0,0.0,152,224,0,0,0.0,0.0,0,11,0,0,0,0,0,3806,0.0,1,42,82,53,True,0
MID,Leeds,1.5,0,0,6,0,0.0,658,226,0,0,0.0,0.0,0,14,0,0,0,0,0,450,0.0,1,98,53,45,True,0
MID,Chelsea,1.5,0,0,6,0,0.0,132,223,0,0,0.0,0.0,0,17,0,0,0,0,0,9637,0.0,1,85,378,54,True,0
DEF,Brentford,1.0,0,0,6,0,0.0,498,222,0,0,0.0,0.0,0,20,0,0,0,0,0,4267,0.0,1,54,54,44,True,0
DEF,Norwich,1.0,0,0,6,0,0.0,580,230,0,0,0.0,0.0,0,18,0,0,0,0,0,4776,0.0,1,112,154,44,False,0
MID,Leeds,1.5,0,0,6,0,0.0,576,226,0,0,0.0,0.0,0,14,0,0,0,0,0,1245,0.0,1,11,26,45,True,0
GK,Arsenal,1.0,0,0,6,0,0.0,2,221,0,0,0.0,0.0,0,5,0,0,0,0,0,53461,0.0,1,0,854,40,True,0
GK,Wolves,1.0,0,0,6,0,0.0,427,222,0,0,0.0,0.0,0,3,0,0,0,0,0,1328,0.0,1,0,9,50,False,0
MID,Crystal Palace,1.5,0,0,11,0,10.6,160,224,1,0,1.5,4.4,22,11,0,0,0,0,0,5763,0.0,2,110813,110236,59,True,0
DEF,Man City,2.0,0,0,6,0,0.0,604,229,0,0,0.0,0.0,0,16,0,0,0,0,0,8676,0.0,1,655,616,39,False,0
MID,Watford,1.0,0,0,6,0,0.0,402,230,0,0,0.0,0.0,0,15,0,0,0,0,0,1083,0.0,1,0,9,45,True,0
MID,Watford,1.0,0,0,6,0,0.0,402,164,0,0,0.0,0.0,0,5,0,0,0,0,0,1083,0.0,1,0,9,45,False,0
MID,Burnley,2.0,0,0,6,0,0.0,102,221,0,0,0.0,0.0,0,1,0,0,0,0,0,1691,0.0,1,78,85,44,False,0
MID,Burnley,2.0,0,0,12,1,12.0,102,164,0,0,2.2,9.0,90,18,0,0,0,0,0,1691,1.0,3,78,85,44,True,1
MID,Everton,1.0,0,0,6,0,0.0,166,225,0,0,0.0,0.0,0,2,0,0,0,0,0,43179,0.0,1,0,140,69,True,0
MID,Everton,1.0,0,0,6,0,0.0,613,225,0,0,0.0,0.0,0,2,0,0,0,0,0,1147,0.0,1,29,42,45,True,0
FWD,Brighton,1.0,0,0,6,0,0.0,595,227,0,0,0.0,0.0,0,9,0,0,0,0,0,120189,0.0,1,0,15975,44,False,0
FWD,Newcastle,0.5,0,0,6,0,0.0,300,226,0,0,0.0,0.0,0,10,0,0,0,0,0,12935,0.0,1,376,582,52,False,0
MID,Leeds,5.5,0,0,14,0,22.2,196,226,1,0,6.9,4.0,90,14,0,0,0,0,0,1573574,43.0,3,258044,34917,66,True,0
MID,Aston Villa,5.5,0,0,8,1,11.4,681,225,0,0,3.7,3.8,73,8,0,0,0,0,0,784155,22.0,4,680291,15325,70,False,0
DEF,West Ham,3.7,0,0,6,0,0.0,424,228,0,0,0.0,0.0,0,13,0,0,0,0,0,45632,0.0,1,1440,3211,43,False,0
FWD,Chelsea,1.0,0,0,6,0,0.0,126,223,0,0,0.0,0.0,0,17,0,0,0,0,0,4508,0.0,1,0,18,55,True,0
MID,Wolves,5.0,0,2,39,0,13.5,436,222,1,1,9.2,63.0,90,3,0,0,0,0,0,73639,15.0,9,424,4413,53,False,1
MID,Chelsea,3.2,0,0,16,1,23.8,125,223,0,0,3.6,12.2,90,17,0,0,0,0,0,209348,0.0,4,7037,15308,50,True,0
GK,Brentford,1.0,0,0,6,0,0.0,619,222,0,0,0.0,0.0,0,20,0,0,0,0,0,5217,0.0,1,129630,128631,40,True,0
MID,Crystal Palace,5.0,0,0,5,0,0.5,144,224,3,0,1.1,0.0,90,11,0,0,0,0,0,1597225,13.0,2,106327,59051,61,True,1
DEF,Watford,1.0,0,0,6,0,0.0,633,230,0,0,0.0,0.0,0,15,0,0,0,0,0,1975,0.0,1,142,180,40,True,0
DEF,Watford,1.0,0,0,6,0,0.0,633,164,0,0,0.0,0.0,0,5,0,0,0,0,0,1975,0.0,1,142,180,40,False,0
FWD,Man Utd,1.3,0,0,8,0,1.6,278,228,0,0,0.6,0.0,8,19,0,0,0,0,0,50113,6.0,2,355,654,76,True,0
MID,Leeds,1.5,0,0,6,0,0.0,551,226,0,0,0.0,0.0,0,14,0,0,0,0,0,4406,0.0,1,34,95,45,True,0
DEF,Brentford,1.8,0,0,11,0,0.3,83,222,0,0,0.3,2.2,25,20,0,0,0,0,0,88257,0.0,2,1051,3104,45,True,0
MID,Spurs,4.0,0,0,21,0,18.3,366,223,2,0,4.1,15.8,88,6,0,0,0,0,0,107484,7.0,3,3734,3855,44,False,0
DEF,West Ham,1.0,0,0,6,0,0.0,617,228,0,0,0.0,0.0,0,13,0,0,0,0,0,4092,0.0,1,65,133,40,False,0
MID,Brighton,1.0,0,0,6,0,0.0,57,227,0,0,0.0,0.0,0,9,0,0,0,0,0,41,0.0,1,0,1,45,False,0
DEF,West Ham,1.0,0,0,6,0,0.0,521,228,0,0,0.0,0.0,0,13,0,0,0,0,0,12102,0.0,1,0,136,40,False,0
FWD,Leeds,2.5,0,0,15,0,12.5,187,226,1,0,5.5,13.0,90,14,0,0,0,0,0,79476,29.0,2,3089,1350,62,True,1
DEF,Spurs,0.9,0,0,6,0,0.0,494,223,0,0,0.0,0.0,0,6,0,0,0,0,0,19108,0.0,1,118,169,48,False,0
DEF,Leicester,1.0,0,0,6,0,0.0,639,227,0,0,0.0,0.0,0,4,0,0,0,0,0,761,0.0,1,58,55,40,True,0
FWD,Newcastle,1.0,0,0,6,0,0.0,296,226,0,0,0.0,0.0,0,10,0,0,0,0,0,124964,0.0,1,147,16798,72,False,0
DEF,Liverpool,4.8,0,0,18,0,11.8,224,224,1,0,2.6,10.0,90,7,0,0,0,0,0,210811,4.0,3,8581,11665,49,False,0
MID,Watford,1.0,0,0,6,0,0.0,378,230,0,0,0.0,0.0,0,15,0,0,0,0,0,2592,0.0,1,43,78,47,True,0
MID,Watford,1.0,0,0,6,0,0.0,378,164,0,0,0.0,0.0,0,5,0,0,0,0,0,2592,0.0,1,43,78,47,False,0
DEF,Liverpool,9.0,0,0,34,0,0.8,229,224,1,1,6.5,47.6,90,7,0,0,0,0,0,1430604,17.0,9,48137,20246,66,False,0
DEF,Watford,1.0,0,0,6,0,0.0,401,230,0,0,0.0,0.0,0,15,0,0,0,0,0,35,0.0,1,0,0,45,True,0
DEF,Watford,1.0,0,0,6,0,0.0,401,164,0,0,0.0,0.0,0,5,0,0,0,0,0,35,0.0,1,0,0,45,False,0
MID,West Ham,1.0,0,0,6,0,0.0,419,228,0,0,0.0,0.0,0,13,0,0,0,0,0,1106359,0.0,1,692,145293,59,False,0
DEF,Norwich,3.0,0,0,28,1,1.0,326,230,0,0,1.7,16.4,90,18,0,0,0,0,0,89481,0.0,7,340,3398,43,False,0
FWD,Brighton,1.0,0,0,6,0,0.0,655,227,0,0,0.0,0.0,0,9,0,0,0,0,0,3983,0.0,1,17548,17110,45,False,0
MID,Everton,3.0,0,0,13,0,15.0,484,225,1,0,6.1,11.6,90,2,0,0,0,0,0,936048,34.0,3,16211,131457,55,True,0
DEF,Chelsea,4.8,0,1,33,1,0.9,127,223,0,0,1.6,12.8,90,17,0,0,0,0,0,2223643,2.0,8,66855,122851,62,True,0
MID,Leeds,1.5,0,0,6,0,0.0,601,226,0,0,0.0,0.0,0,14,0,0,0,0,0,35702,0.0,1,5993,3713,43,True,0
MID,Watford,1.0,0,0,6,0,0.0,392,230,0,0,0.0,0.0,0,15,0,0,0,0,0,261,0.0,1,0,0,55,True,0
MID,Watford,1.0,0,0,6,0,0.0,392,164,0,0,0.0,0.0,0,5,0,0,0,0,0,261,0.0,1,0,0,55,False,0
GK,Man Utd,1.0,0,0,6,0,0.0,280,228,0,0,0.0,0.0,0,19,0,0,0,0,0,35274,0.0,1,119,343,47,True,0
MID,Arsenal,3.2,0,0,6,0,0.0,693,221,0,0,0.0,0.0,0,5,0,0,0,0,0,0,0.0,1,0,0,45,True,0
DEF,Newcastle,4.5,0,0,29,1,0.0,299,226,0,0,2.1,19.0,68,10,0,0,0,0,0,17932,2.0,7,928,1304,44,False,0
GK,West Ham,1.0,0,0,6,0,0.0,407,228,0,0,0.0,0.0,0,13,0,0,0,0,0,11743,0.0,1,93,146,43,False,0
DEF,Brentford,1.2,0,0,6,0,0.0,90,222,0,0,0.0,0.0,0,20,0,0,0,0,0,4009,0.0,1,73,105,43,True,0
DEF,Chelsea,4.2,0,0,31,1,1.4,501,223,0,0,1.7,15.8,90,17,0,0,0,0,0,9330,0.0,7,973,341,49,True,0
GK,Southampton,0.0,0,0,6,0,0.0,641,229,0,0,0.0,0.0,0,12,0,0,0,0,0,3357,0.0,1,77,396,44,True,0
MID,Aston Villa,3.5,0,0,25,1,10.8,50,225,0,0,2.4,12.0,90,8,0,0,0,0,0,169040,1.0,4,3294,12886,45,False,0
MID,Brentford,2.8,0,0,16,0,2.3,81,222,2,0,2.7,12.4,82,20,0,0,0,0,0,115623,12.0,3,779,6681,55,True,0
MID,Norwich,2.0,0,0,9,0,0.0,328,230,0,0,0.0,0.0,1,18,0,0,0,0,0,1228,0.0,2,48,72,47,False,0
DEF,Watford,9.0,0,0,19,0,3.0,676,230,2,0,1.0,3.0,83,15,0,0,0,0,0,12921,4.0,2,11146,751,45,True,0
DEF,Watford,9.0,0,3,39,1,23.6,676,164,0,0,4.9,25.8,90,5,0,0,0,0,0,12921,0.0,10,11146,751,45,False,0
FWD,Man City,2.0,0,0,6,0,0.0,663,229,0,0,0.0,0.0,0,16,0,0,0,0,0,753,0.0,1,16725,16715,50,False,0
FWD,Leicester,8.5,0,3,34,0,1.8,455,227,1,1,7.8,37.2,90,4,0,0,0,0,0,120539,39.0,10,36777,6643,71,True,0
MID,Southampton,1.0,0,0,17,0,11.6,339,229,1,0,2.6,14.0,81,12,0,0,0,0,0,10369,0.0,2,193,222,58,True,1
MID,Watford,1.0,0,0,6,0,0.0,399,230,0,0,0.0,0.0,0,15,0,0,0,0,0,255671,0.0,1,145,4955,58,True,0
MID,Watford,1.0,0,0,6,0,0.0,399,164,0,0,0.0,0.0,0,5,0,0,0,0,0,255671,0.0,1,145,4955,58,False,0
MID,Wolves,1.0,0,0,6,0,0.0,442,222,0,0,0.0,0.0,0,3,0,0,0,0,0,7117,0.0,1,0,86,45,False,0
DEF,Crystal Palace,0.0,0,0,6,0,0.0,540,224,0,0,0.0,0.0,0,11,0,0,0,0,0,8722,0.0,1,137,246,39,True,0
GK,Newcastle,6.5,0,2,36,1,0.0,295,226,0,0,3.2,32.4,90,10,0,0,0,0,4,46977,0.0,10,3333,2840,44,False,0
DEF,Everton,1.5,0,0,6,0,0.0,675,225,0,0,0.0,0.0,0,2,0,0,0,0,0,2597,0.0,1,818,652,50,True,0
DEF,Crystal Palace,0.0,0,0,6,0,0.0,493,224,0,0,0.0,0.0,0,11,0,0,0,0,0,7677,0.0,1,75,108,43,True,0
DEF,Man City,2.0,0,0,6,0,0.0,603,229,0,0,0.0,0.0,0,16,0,0,0,0,0,4046,0.0,1,98,110,39,False,0
GK,West Ham,3.7,0,0,6,0,0.0,408,228,0,0,0.0,0.0,0,13,0,0,0,0,0,301691,0.0,1,4972,19592,50,False,0
MID,Everton,1.0,0,0,6,0,0.0,164,225,0,0,0.0,0.0,0,2,0,0,0,0,0,59911,0.0,1,82,337,67,True,0
DEF,Everton,2.0,0,0,20,0,1.6,175,225,1,0,1.8,6.6,90,2,0,0,0,0,0,24061,10.0,2,364,135,49,True,1
DEF,Burnley,0.19999999999999996,0,0,6,0,0.0,451,221,0,0,0.0,0.0,0,1,0,0,0,0,0,7292,0.0,1,21,322,43,False,0
DEF,Burnley,0.19999999999999996,0,0,6,0,0.0,451,164,0,0,0.0,0.0,0,18,0,0,0,0,0,7292,0.0,1,21,322,43,True,0
MID,Arsenal,1.0,0,0,6,0,0.0,25,221,0,0,0.0,0.0,0,5,0,0,0,0,0,100,0.0,1,0,0,45,True,0
MID,Brentford,2.2,0,0,9,0,1.4,499,222,2,0,0.9,7.6,52,20,0,0,0,0,0,4951,0.0,2,40,595,49,True,0
DEF,Leicester,2.0,0,0,20,0,23.6,218,227,1,0,5.7,27.2,90,4,0,0,0,0,0,3989,6.0,3,1839,348,49,True,0
MID,West Ham,1.0,0,0,6,0,0.0,522,228,0,0,0.0,0.0,0,13,0,0,0,0,0,3879,0.0,1,0,32,45,False,0
DEF,Norwich,4.0,0,0,25,1,0.0,319,230,0,0,1.8,14.2,90,18,0,0,0,0,0,11399,4.0,7,1653,631,44,False,0
GK,Aston Villa,4.5,0,0,24,1,0.0,30,225,0,0,0.6,5.8,90,8,0,0,0,0,0,1120916,0.0,6,17873,21934,55,False,1
MID,Southampton,3.0,0,0,19,0,1.2,335,229,1,0,0.8,6.8,90,12,0,0,0,0,0,37907,0.0,3,476,1332,45,True,0
DEF,Newcastle,0.5,0,0,6,0,0.0,303,226,0,0,0.0,0.0,0,10,0,0,0,0,0,5118,0.0,1,37,171,43,False,0
MID,Chelsea,2.5,0,0,6,0,0.0,137,223,0,0,0.0,0.0,0,17,0,0,0,0,0,78348,0.0,1,3331,12282,79,True,0
DEF,Crystal Palace,0.0,0,0,6,0,0.0,158,224,0,0,0.0,0.0,0,11,0,0,0,0,0,3408,0.0,1,31,47,43,True,0
MID,Watford,2.4,0,0,12,0,32.0,381,230,1,0,4.8,7.8,58,15,0,0,0,0,0,9943,8.0,2,438,519,48,True,0
MID,Watford,2.4,0,0,5,0,4.4,381,164,0,0,1.3,2.0,20,5,0,0,0,0,0,9943,7.0,1,438,519,48,False,1
DEF,Leicester,2.5,0,0,22,0,1.0,217,227,1,0,2.9,27.8,90,4,0,0,0,0,0,136005,0.0,3,1985,1688,49,True,0
DEF,Man City,5.5,0,0,6,0,0.0,252,229,0,0,0.0,0.0,0,16,0,0,0,0,0,237501,0.0,1,3574,2192,52,False,0
GK,Aston Villa,1.0,0,0,6,0,0.0,596,225,0,0,0.0,0.0,0,8,0,0,0,0,0,5774,0.0,1,91,128,40,False,0
MID,Wolves,1.0,0,0,6,0,0.0,441,222,0,0,0.0,0.0,0,3,0,0,0,0,0,1791,0.0,1,48,59,64,False,0
FWD,Aston Villa,2.0,0,0,2,0,0.0,337,225,0,0,0.0,0.0,11,8,0,0,0,0,0,705534,0.0,1,27099,14242,77,False,1
DEF,Spurs,1.0,0,0,6,0,0.0,588,223,0,0,0.0,0.0,0,6,0,0,0,0,0,184726,0.0,1,8776,25008,50,False,0
FWD,Man City,3.0,0,0,10,0,2.1,263,229,0,0,2.0,0.6,30,16,0,0,0,0,0,618125,17.0,2,129099,162374,86,False,0
MID,Man Utd,2.5,0,0,22,1,33.8,285,228,0,0,6.2,10.6,90,19,0,0,0,0,0,31879,18.0,4,1935,3424,54,True,0
DEF,Arsenal,1.0,0,0,6,0,0.0,8,221,0,0,0.0,0.0,0,5,0,0,0,0,0,8623,0.0,1,84,108,42,True,0
MID,Brighton,1.0,0,0,6,0,0.0,537,227,0,0,0.0,0.0,0,9,0,0,0,0,0,2484,0.0,1,0,74,45,False,0
GK,Everton,1.0,0,0,6,0,0.0,571,225,0,0,0.0,0.0,0,2,0,0,0,0,0,5080,0.0,1,29,106,40,True,0
FWD,Brighton,1.0,0,0,6,0,0.0,500,227,0,0,0.0,0.0,0,9,0,0,0,0,0,4200,0.0,1,0,28,50,False,0
FWD,Everton,2.5,0,0,0,0,23.4,177,225,1,0,3.9,0.4,90,2,0,0,0,0,0,427094,15.0,2,23317,46796,79,True,1
MID,Leicester,1.0,0,0,6,0,0.0,647,227,0,0,0.0,0.0,0,4,0,0,0,0,0,180,0.0,1,11,20,45,True,0
FWD,Arsenal,3.1,0,0,6,0,0.0,694,221,0,0,0.0,0.0,0,5,0,0,0,0,0,0,0.0,1,0,0,45,True,0
MID,West Ham,2.7,0,0,6,0,0.0,582,228,0,0,0.0,0.0,0,13,0,0,0,0,0,4029,0.0,1,204,233,57,False,0
FWD,Everton,1.0,0,0,6,0,0.0,602,225,0,0,0.0,0.0,0,2,0,0,0,0,0,34852,0.0,1,2025,3737,45,True,0
DEF,Arsenal,2.0,0,0,6,0,0.0,590,221,0,0,0.0,0.0,0,5,0,0,0,0,0,337868,0.0,1,14149,20435,47,True,0
MID,Leeds,1.0,0,0,6,0,0.0,191,226,0,0,0.0,0.0,0,14,0,0,0,0,0,87943,0.0,1,61,1790,47,True,0
MID,Spurs,2.0,0,0,10,0,21.8,373,223,0,0,3.2,8.6,33,6,0,0,0,0,0,70600,2.0,2,111517,109996,44,False,0
FWD,Aston Villa,3.0,0,0,7,1,3.1,40,225,0,0,1.7,4.0,78,8,0,0,0,0,0,1182642,10.0,3,89340,96303,77,False,0
DEF,Brentford,2.0,0,0,16,0,5.5,91,222,2,0,4.6,16.4,90,20,0,0,0,0,0,319474,24.0,2,3290,10945,45,True,0
MID,Burnley,6.0,0,0,12,1,1.8,575,221,0,0,0.8,6.4,90,1,0,0,0,0,0,5854,0.0,4,2372,690,49,False,0
MID,Burnley,6.0,0,0,7,1,1.5,575,164,0,0,1.0,4.8,65,18,0,0,0,0,0,5854,4.0,4,2372,690,49,True,0
MID,Brentford,4.8,0,0,16,0,25.5,84,222,2,0,3.7,11.4,90,20,0,0,0,0,0,9595,0.0,3,238,483,50,True,0
DEF,Leeds,1.5,0,0,6,0,0.0,657,226,0,0,0.0,0.0,0,14,0,0,0,0,0,847,0.0,1,16684,16646,40,True,0
DEF,Spurs,1.0,0,0,23,0,0.7,367,223,2,0,2.7,24.0,90,6,0,0,0,0,0,287945,2.0,2,16559,20402,46,False,0
DEF,Newcastle,5.0,0,1,34,1,13.7,678,226,0,0,3.2,18.0,90,10,0,0,0,0,0,40921,0.0,8,14865,4127,50,False,0
GK,Newcastle,0.5,0,0,6,0,0.0,514,226,0,0,0.0,0.0,0,10,0,0,0,0,0,23970,0.0,1,181,656,40,False,0
MID,Brentford,4.5,1,0,27,0,22.5,96,222,2,0,6.9,28.6,90,20,0,0,0,0,0,108041,18.0,6,4469,9991,53,True,0
MID,Everton,3.0,0,0,21,0,1.4,173,225,1,0,2.8,18.8,64,2,0,0,0,0,0,139613,8.0,3,1621,12070,54,True,0
GK,Norwich,1.0,0,0,6,0,0.0,314,230,0,0,0.0,0.0,0,18,0,0,0,0,0,122372,0.0,1,793,7228,45,False,0
DEF,Norwich,2.0,0,0,11,0,0.3,327,230,0,0,0.3,2.4,20,18,0,0,0,0,0,4380,0.0,2,85,54,43,False,0
DEF,Newcastle,0.5,0,0,6,0,0.0,311,226,0,0,0.0,0.0,0,10,0,0,0,0,0,8378,0.0,1,161,196,42,False,0
GK,Crystal Palace,0.0,0,0,6,0,0.0,561,224,0,0,0.0,0.0,0,11,0,0,0,0,0,16040,0.0,1,75,637,40,True,0
MID,Man City,4.5,0,0,20,0,11.1,266,229,1,0,4.0,15.0,90,16,0,0,0,0,0,86192,14.0,3,4290,4160,55,False,0
DEF,West Ham,1.0,0,0,6,0,0.0,410,228,0,0,0.0,0.0,0,13,0,0,0,0,0,76690,0.0,1,0,1185,39,False,0
DEF,Man Utd,1.0,0,0,6,0,0.0,283,228,0,0,0.0,0.0,0,19,0,0,0,0,0,34100,0.0,1,0,1836,44,True,0
MID,Leicester,3.5,0,0,9,1,22.8,587,227,0,0,8.1,11.4,77,4,0,0,0,0,0,45686,47.0,4,113451,117143,60,True,0
MID,Chelsea,9.2,0,3,47,1,29.7,131,223,0,1,13.2,62.6,90,17,0,0,0,0,0,44323,40.0,12,3946,1945,73,True,0
GK,Chelsea,1.5,0,0,6,0,0.0,606,223,0,0,0.0,0.0,0,17,0,0,0,0,0,3669,0.0,1,102,191,40,True,0
MID,Liverpool,2.5,0,0,6,0,0.0,625,224,0,0,0.0,0.0,0,7,0,0,0,0,0,449,0.0,1,79,45,45,False,0
MID,West Ham,1.3,0,0,6,0,0.0,634,228,0,0,0.0,0.0,0,13,0,0,0,0,0,405,0.0,1,40,18,45,False,0
FWD,Leeds,1.0,0,0,6,0,0.0,189,226,0,0,0.0,0.0,0,14,0,0,0,0,0,270518,0.0,1,1174,3048,77,True,0
DEF,Leicester,1.0,0,0,6,0,0.0,645,227,0,0,0.0,0.0,0,4,0,0,0,0,0,1152,0.0,1,101,72,40,True,0
DEF,Arsenal,1.0,0,0,6,0,0.0,27,221,0,0,0.0,0.0,0,5,0,0,0,0,0,206,0.0,1,0,0,45,True,0
FWD,Everton,1.5,0,0,6,0,0.0,591,225,0,0,0.0,0.0,0,2,0,0,0,0,0,17932,0.0,1,460,2177,60,True,0
MID,Leicester,2.5,0,0,10,0,0.3,202,227,1,0,0.8,7.4,26,4,0,0,0,0,0,10784,0.0,2,129,198,52,True,0
MID,Wolves,3.0,0,0,6,0,0.0,689,222,0,0,0.0,0.0,0,3,0,0,0,0,0,125,0.0,1,115,24,55,False,0
DEF,Burnley,0.0,0,0,6,0,0.0,103,221,0,0,0.0,0.0,0,1,0,0,0,0,0,15288,0.0,1,126644,123319,40,False,0
DEF,Burnley,0.0,0,0,6,0,0.0,103,164,0,0,0.0,0.0,0,18,0,0,0,0,0,15288,0.0,1,126644,123319,40,True,0
FWD,Leicester,1.0,0,0,6,0,0.0,205,227,0,0,0.0,0.0,0,4,0,0,0,0,0,878587,0.0,1,643,75640,103,True,0
GK,Liverpool,6.5,0,0,22,0,0.0,231,224,1,0,3.2,32.2,90,7,0,0,0,0,4,662516,0.0,4,19126,10145,60,False,0
MID,Aston Villa,7.0,0,2,33,1,1.8,43,225,0,1,11.0,59.4,90,8,0,0,0,0,0,89212,49.0,11,5875,3246,62,False,0
MID,Newcastle,1.0,0,0,6,0,0.0,308,226,0,0,0.0,0.0,0,10,0,0,0,0,0,19606,0.0,1,162,644,51,False,0
MID,West Ham,5.3,0,0,20,0,3.8,423,228,1,0,2.7,4.6,90,13,0,0,0,0,0,131074,19.0,3,6094,5049,60,False,0
MID,Brighton,1.0,0,0,6,0,0.0,538,227,0,0,0.0,0.0,0,9,0,0,0,0,0,399,0.0,1,0,4,45,False,0
GK,Brighton,1.0,0,0,6,0,0.0,688,227,0,0,0.0,0.0,0,9,0,0,0,0,0,105,0.0,1,100,19,40,False,0
MID,Everton,1.5,0,0,12,0,16.3,482,225,1,0,2.4,5.2,55,2,0,0,0,0,0,233516,2.0,2,1825,9448,52,True,0
MID,Newcastle,6.5,0,3,37,1,1.1,291,226,0,1,6.8,52.4,90,10,0,0,0,0,0,8102,14.0,12,546,1031,53,False,0
DEF,Spurs,3.0,0,0,17,0,1.3,360,223,2,0,3.0,10.2,90,6,0,0,0,0,0,22110,18.0,2,635,346,47,False,0
MID,Everton,1.0,0,0,6,0,0.0,504,225,0,0,0.0,0.0,0,2,0,0,0,0,0,2865,0.0,1,37,50,44,True,0
MID,Newcastle,0.5,0,0,6,0,0.0,609,226,0,0,0.0,0.0,0,10,0,0,0,0,0,1648,0.0,1,97,83,45,False,0
DEF,Southampton,0.0,0,0,6,0,0.0,546,229,0,0,0.0,0.0,0,12,0,0,0,0,0,46149,0.0,1,1172,1151,39,True,0
DEF,Brentford,1.0,0,0,6,0,0.0,87,222,0,0,0.0,0.0,0,20,0,0,0,0,0,133101,0.0,1,127007,132331,39,True,0
DEF,Chelsea,2.5,0,0,7,0,0.3,122,223,0,0,0.2,1.2,3,17,0,0,0,0,0,1031872,0.0,2,23173,80232,57,True,0
MID,Brentford,1.0,0,0,6,0,0.0,82,222,0,0,0.0,0.0,0,20,0,0,0,0,0,770,0.0,1,17,16,53,True,0
MID,Everton,1.0,0,0,8,0,14.6,171,225,0,0,2.7,12.2,39,2,0,0,0,0,0,315046,0.0,1,1728,24842,44,True,1
DEF,Man City,1.0,0,0,6,0,0.0,264,229,0,0,0.0,0.0,0,16,0,0,0,0,0,71565,0.0,1,45,8632,53,False,0
DEF,Liverpool,1.8,0,0,6,0,0.0,241,224,0,0,0.0,0.0,0,7,0,0,0,0,0,12114,0.0,1,15,113,42,False,0
FWD,Southampton,0.7,0,0,6,0,0.0,525,229,0,0,0.0,0.0,0,12,0,0,0,0,0,146174,0.0,1,1299,9571,58,True,0
FWD,Norwich,6.7,0,3,69,1,13.4,516,230,0,2,13.6,76.6,90,18,0,0,0,0,0,12196,46.0,14,912,618,54,False,0
DEF,Burnley,0.0,0,0,6,0,0.0,99,221,0,0,0.0,0.0,0,1,0,0,0,0,0,51010,0.0,1,406,815,39,False,0
DEF,Burnley,0.0,0,0,6,0,0.0,99,164,0,0,0.0,0.0,0,18,0,0,0,0,0,51010,0.0,1,406,815,39,True,0
FWD,Norwich,1.0,0,0,6,0,0.0,649,230,0,0,0.0,0.0,0,18,0,0,0,0,0,5029,0.0,1,0,925,45,False,0
MID,Liverpool,3.0,0,0,8,0,0.0,221,224,0,0,0.2,2.2,1,7,0,0,0,0,0,7553,0.0,2,114,219,49,False,0
MID,Leicester,1.0,0,0,6,0,0.0,646,227,0,0,0.0,0.0,0,4,0,0,0,0,0,333,0.0,1,35,34,45,True,0
GK,Aston Villa,1.0,0,0,6,0,0.0,28,225,0,0,0.0,0.0,0,8,0,0,0,0,0,242458,0.0,1,13469,8636,39,False,0
DEF,Chelsea,3.5,0,0,6,0,0.0,690,223,0,0,0.0,0.0,0,17,0,0,0,0,0,138,0.0,1,128,23,45,True,0
MID,West Ham,1.0,0,0,6,0,0.0,406,228,0,0,0.0,0.0,0,13,0,0,0,0,0,62389,0.0,1,111,3743,44,False,0
MID,Spurs,0.5,0,0,6,0,0.0,668,223,0,0,0.0,0.0,0,6,0,0,0,0,0,957,0.0,1,16704,16120,44,False,0
DEF,Leeds,1.0,0,0,6,0,0.0,562,226,0,0,0.0,0.0,0,14,0,0,0,0,0,8140,0.0,1,0,435,39,True,0
FWD,Arsenal,1.0,0,0,6,0,0.0,4,221,0,0,0.0,0.0,0,5,0,0,0,0,0,129198,0.0,1,106,3751,96,True,0
GK,Wolves,5.0,0,0,13,0,0.0,475,222,1,0,0.8,8.2,90,3,0,0,0,0,0,666350,0.0,2,128610,12417,52,False,1
GK,Southampton,2.3,0,0,24,0,0.0,333,229,1,0,3.4,34.2,90,12,0,0,0,0,4,66974,0.0,4,3204,2465,44,True,0
DEF,Aston Villa,4.0,0,0,25,1,1.2,44,225,0,0,1.4,13.2,90,8,0,0,0,0,0,400893,0.0,6,20929,18716,51,False,1
FWD,Newcastle,5.5,0,0,15,1,53.2,307,226,0,0,9.4,15.4,90,10,0,0,0,0,0,1148176,25.0,2,235242,29514,67,False,1
DEF,Everton,1.0,0,0,6,0,0.0,544,225,0,0,0.0,0.0,0,2,0,0,0,0,0,34189,0.0,1,218,3687,40,True,0
DEF,Crystal Palace,1.0,0,0,8,0,0.2,474,224,3,0,0.8,7.6,90,11,0,0,0,0,0,22518,0.0,1,362,868,45,True,1
MID,Norwich,4.3,1,0,21,1,29.3,449,230,0,0,6.4,19.4,90,18,0,0,0,0,0,8519,15.0,7,975,364,52,False,0
DEF,West Ham,7.3,0,1,30,1,1.4,418,228,0,0,1.3,12.0,69,13,0,0,0,0,0,570858,0.0,8,9255,34270,47,False,0
MID,Everton,1.0,0,0,6,0,0.0,163,225,0,0,0.0,0.0,0,2,0,0,0,0,0,40550,0.0,1,295,4802,43,True,0
DEF,West Ham,1.0,0,0,6,0,0.0,682,228,0,0,0.0,0.0,0,13,0,0,0,0,0,175,0.0,1,55,14,40,False,0
DEF,West Ham,1.0,0,0,6,0,0.0,425,228,0,0,0.0,0.0,0,13,0,0,0,0,0,316711,0.0,1,4273,17567,40,False,0
MID,Arsenal,5.0,0,0,22,1,29.6,21,221,0,0,7.9,8.2,76,5,0,0,0,0,0,1496964,41.0,4,16306,224078,59,True,0
DEF,Spurs,1.0,0,0,6,0,0.0,355,223,0,0,0.0,0.0,0,6,0,0,0,0,0,1610,0.0,1,0,4,50,False,0
MID,Liverpool,2.0,0,0,6,0,0.0,620,224,0,0,0.0,0.0,0,7,0,0,0,0,0,527,0.0,1,27,28,45,False,0
GK,Norwich,1.0,0,0,6,0,0.0,666,230,0,0,0.0,0.0,0,18,0,0,0,0,0,1018,0.0,1,16643,16117,40,False,0
FWD,Newcastle,2.0,0,0,12,0,11.4,310,226,0,0,5.2,9.0,41,10,0,0,0,0,0,54936,32.0,2,2193,6097,58,False,0
GK,Newcastle,0.5,0,0,6,0,0.0,294,226,0,0,0.0,0.0,0,10,0,0,0,0,0,29674,0.0,1,366,687,45,False,0
MID,Leicester,3.0,0,0,17,0,4.1,505,227,1,0,3.4,19.2,90,4,0,0,0,0,0,16860,11.0,3,2553,2009,44,True,0
FWD,Crystal Palace,1.0,0,0,8,0,0.0,149,224,1,0,0.0,0.0,13,11,0,0,0,0,0,144888,0.0,2,1288,17079,62,True,0
MID,Man City,1.0,0,0,6,0,0.0,254,229,0,0,0.0,0.0,0,16,0,0,0,0,0,204678,0.0,1,688,35616,86,False,0
MID,Spurs,1.0,0,0,6,0,0.0,363,223,0,0,0.0,0.0,0,6,0,0,0,0,0,94879,0.0,1,450,2590,62,False,0
MID,Brentford,1.0,0,0,6,0,0.0,479,222,0,0,0.0,0.0,0,20,0,0,0,0,0,6223,0.0,1,32,484,49,True,0
MID,West Ham,1.0,0,0,6,0,0.0,652,228,0,0,0.0,0.0,0,13,0,0,0,0,0,402,0.0,1,16705,16622,44,False,0
FWD,Burnley,3.0,0,0,11,1,12.2,104,221,0,0,2.5,7.6,82,1,0,0,0,0,0,49390,5.0,3,3490,2296,52,False,0
FWD,Burnley,3.0,0,0,6,0,10.3,104,164,0,0,1.3,0.0,24,18,0,0,0,0,0,49390,4.0,2,3490,2296,52,True,0
GK,Brentford,1.0,0,0,6,0,0.0,92,222,0,0,0.0,0.0,0,20,0,0,0,0,0,652,0.0,1,0,10,40,True,0
MID,Norwich,1.0,0,0,6,0,0.0,316,230,0,0,0.0,0.0,0,18,0,0,0,0,0,39,0.0,1,0,0,50,False,0
DEF,Southampton,1.0,0,0,6,0,0.0,491,229,0,0,0.0,0.0,0,12,0,0,0,0,0,988502,0.0,1,598,175051,43,True,0
GK,Spurs,1.0,0,0,6,0,0.0,352,223,0,0,0.0,0.0,0,6,0,0,0,0,0,1550,0.0,1,0,4,45,False,0
MID,Burnley,5.0,0,0,16,1,33.2,107,221,0,0,4.8,14.8,90,1,0,0,0,0,0,28384,0.0,3,5251,1379,53,False,1
MID,Burnley,5.0,0,0,17,1,17.8,107,164,0,0,2.9,5.0,90,18,0,0,0,0,0,28384,6.0,4,5251,1379,53,True,0
MID,Wolves,1.0,0,0,6,0,0.0,687,222,0,0,0.0,0.0,0,3,0,0,0,0,0,85,0.0,1,67,11,45,False,0
FWD,Aston Villa,1.0,0,0,6,0,0.0,568,225,0,0,0.0,0.0,0,8,0,0,0,0,0,111705,0.0,1,5342,8507,45,False,0
DEF,Burnley,0.5,0,0,6,0,0.0,113,221,0,0,0.0,0.0,0,1,0,0,0,0,0,34264,0.0,1,172,3142,44,False,0
DEF,Burnley,0.5,0,0,6,0,0.0,113,164,0,0,0.0,0.0,0,18,0,0,0,0,0,34264,0.0,1,172,3142,44,True,0
MID,Norwich,1.0,0,0,6,0,0.0,581,230,0,0,0.0,0.0,0,18,0,0,0,0,0,10353,0.0,1,43,883,45,False,0
MID,Brentford,1.0,0,0,6,0,0.0,97,222,0,0,0.0,0.0,0,20,0,0,0,0,0,5857,0.0,1,120,176,44,True,0
DEF,Everton,2.0,0,0,16,0,0.3,178,225,1,0,0.8,7.2,90,2,0,0,0,0,0,37844,0.0,3,463,1484,42,True,0
DEF,Southampton,0.0,0,0,6,0,0.0,338,229,0,0,0.0,0.0,0,12,0,0,0,0,0,4757,0.0,1,34,34,44,True,0
DEF,Southampton,1.0,0,0,11,0,0.0,567,229,0,0,0.8,8.4,19,12,0,0,0,0,0,1848,0.0,2,28,35,44,True,0
MID,Everton,2.5,0,0,18,0,57.4,503,225,0,0,8.2,14.6,34,2,0,0,0,0,0,78500,10.0,2,14549,13272,45,True,0
FWD,Newcastle,2.5,0,0,9,1,24.2,109,226,0,0,7.7,2.6,90,10,0,0,0,0,0,137036,50.0,3,125344,117573,67,False,0
DEF,Wolves,4.5,1,0,26,0,14.5,437,222,1,0,7.5,31.8,90,3,0,0,0,0,0,243514,29.0,6,20585,9433,48,False,0
MID,Crystal Palace,0.0,0,0,6,0,0.0,543,224,0,0,0.0,0.0,0,11,0,0,0,0,0,3122,0.0,1,41,110,45,True,0
GK,Southampton,0.0,0,0,6,0,0.0,637,229,0,0,0.0,0.0,0,12,0,0,0,0,0,3055,0.0,1,664,236,39,True,0
DEF,Wolves,1.0,0,0,6,0,0.0,431,222,0,0,0.0,0.0,0,3,0,0,0,0,0,144169,0.0,1,773,32538,50,False,0
DEF,Norwich,4.0,0,0,28,1,0.0,456,230,0,0,2.1,21.2,90,18,0,0,0,0,0,6731,0.0,7,601,206,44,False,0
GK,Watford,1.0,0,0,6,0,0.0,642,230,0,0,0.0,0.0,0,15,0,0,0,0,0,2658,0.0,1,16717,16815,40,True,0
GK,Watford,1.0,0,0,6,0,0.0,642,164,0,0,0.0,0.0,0,5,0,0,0,0,0,2658,0.0,1,16717,16815,40,False,0
MID,Watford,1.0,0,0,6,0,0.0,467,230,0,0,0.0,0.0,0,15,0,0,0,0,0,12094,0.0,1,662,791,43,True,0
MID,Watford,1.0,0,0,6,0,0.0,467,164,0,0,0.0,0.0,0,5,0,0,0,0,0,12094,0.0,1,662,791,43,False,0
FWD,Everton,1.0,0,0,6,0,0.0,622,225,0,0,0.0,0.0,0,2,0,0,0,0,0,6547,0.0,1,110855,110433,50,True,0
GK,West Ham,1.7,0,0,17,0,0.0,489,228,1,0,2.0,20.4,90,13,0,0,0,0,2,64233,0.0,3,110142,107740,47,False,0
FWD,Crystal Palace,0.5,0,0,9,0,0.0,153,224,1,0,0.0,0.0,13,11,0,0,0,0,0,58909,0.0,2,127073,135598,58,True,0
DEF,Wolves,1.0,0,0,6,0,0.0,432,222,0,0,0.0,0.0,0,3,0,0,0,0,0,160019,0.0,1,3862,15878,42,False,0
DEF,Man Utd,5.0,0,0,26,1,22.5,279,228,0,0,3.7,13.6,90,19,0,0,0,0,0,90126,1.0,7,7665,8132,50,True,0
GK,Man City,2.0,0,0,6,0,0.0,260,229,0,0,0.0,0.0,0,16,0,0,0,0,0,14667,0.0,1,76,315,44,False,0
MID,Spurs,2.0,0,0,9,0,5.8,362,223,0,0,0.9,3.2,34,6,0,0,0,0,0,501737,0.0,2,12648,160499,66,False,0
MID,Spurs,8.0,0,0,10,0,2.3,369,223,2,0,2.7,5.0,90,6,0,0,0,0,0,31623,20.0,3,5278,756,59,False,0
FWD,Liverpool,5.0,0,0,10,0,5.5,228,224,1,0,1.8,4.0,89,7,0,0,0,0,0,296281,8.0,2,53443,10572,87,False,1
GK,Everton,1.0,0,0,6,0,0.0,616,225,0,0,0.0,0.0,0,2,0,0,0,0,0,4687,0.0,1,80,172,40,True,0
MID,Chelsea,4.5,1,0,26,1,25.2,140,223,0,0,5.6,21.8,86,17,0,0,0,0,0,33437,9.0,7,804,4369,53,True,0
MID,Aston Villa,2.0,0,0,6,0,0.0,34,225,0,0,0.0,0.0,0,8,0,0,0,0,0,1724,0.0,1,149,95,50,False,0
DEF,Everton,1.0,0,0,6,0,0.0,674,225,0,0,0.0,0.0,0,2,0,0,0,0,0,2014,0.0,1,261,148,45,True,0
DEF,Man Utd,3.0,0,0,26,1,1.0,273,228,0,0,2.1,19.8,90,19,0,0,0,0,0,433674,0.0,6,1918,13426,54,True,1
DEF,Man Utd,4.7,0,2,31,1,0.7,555,228,0,0,1.8,12.8,90,19,0,0,0,0,0,251404,4.0,9,9745,14654,55,True,0
DEF,Wolves,4.5,0,0,19,0,1.0,439,222,1,0,2.7,22.4,90,3,0,0,0,0,0,157943,4.0,3,55935,7343,45,False,0
FWD,Norwich,3.7,1,0,27,1,24.3,315,230,0,0,4.9,20.4,86,18,0,0,0,0,0,385781,4.0,6,12632,27682,58,False,0
MID,Arsenal,1.0,0,0,6,0,0.0,12,221,0,0,0.0,0.0,0,5,0,0,0,0,0,28101,0.0,1,30,980,44,True,0
MID,Southampton,1.0,0,0,6,0,0.0,347,229,0,0,0.0,0.0,0,12,0,0,0,0,0,1971,0.0,1,16511,16100,45,True,0
FWD,Watford,1.0,0,0,6,0,0.0,469,230,0,0,0.0,0.0,0,15,0,0,0,0,0,6630,0.0,1,0,96,45,True,0
FWD,Watford,1.0,0,0,6,0,0.0,469,164,0,0,0.0,0.0,0,5,0,0,0,0,0,6630,0.0,1,0,96,45,False,0
FWD,Leicester,1.0,0,0,6,0,0.0,213,227,0,0,0.0,0.0,0,4,0,0,0,0,0,171563,0.0,1,320,13822,69,True,0
FWD,Watford,1.0,0,0,6,0,0.0,395,230,0,0,0.0,0.0,0,15,0,0,0,0,0,21513,0.0,1,773,799,48,True,0
FWD,Watford,1.0,0,0,6,0,0.0,395,164,0,0,0.0,0.0,0,5,0,0,0,0,0,21513,0.0,1,773,799,48,False,0
MID,Leeds,3.0,0,0,2,1,0.6,287,226,0,0,6.7,4.6,70,14,0,0,0,0,0,36360,62.0,3,3425,1662,60,True,1
FWD,Burnley,0.0,0,0,6,0,0.0,533,221,0,0,0.0,0.0,0,1,0,0,0,0,0,110809,0.0,1,26505,7027,44,False,0
FWD,Burnley,0.0,0,0,6,0,0.0,533,164,0,0,0.0,0.0,0,18,0,0,0,0,0,110809,0.0,1,26505,7027,44,True,0
DEF,Arsenal,10.0,0,2,32,1,26.7,16,221,0,0,5.7,15.0,90,5,0,0,0,0,0,1064770,15.0,9,174075,21311,50,True,0
GK,Watford,6.4,0,0,6,0,0.0,376,230,0,0,0.0,0.0,0,15,0,0,0,0,0,1654814,0.0,1,81023,15478,41,True,0
GK,Watford,6.4,0,0,32,1,0.0,376,164,0,0,1.5,14.6,90,5,0,0,0,0,2,1654814,0.0,7,81023,15478,41,False,0
DEF,Brighton,6.0,0,0,23,0,1.0,61,227,1,0,2.5,24.0,90,9,0,0,0,0,0,19403,0.0,3,5146,781,44,False,0
MID,Leeds,2.0,0,0,6,0,0.0,624,226,0,0,0.0,0.0,0,14,0,0,0,0,0,3319,0.0,1,126453,123581,45,True,0
GK,Arsenal,2.0,0,0,6,0,0.0,572,221,0,0,0.0,0.0,0,5,0,0,0,0,0,15784,0.0,1,2146,794,39,True,0
DEF,Spurs,0.5,0,0,6,0,0.0,598,223,0,0,0.0,0.0,0,6,0,0,0,0,0,8217,0.0,1,728,311,39,False,0
GK,Southampton,1.0,0,0,6,0,0.0,334,229,0,0,0.0,0.0,0,12,0,0,0,0,0,154100,0.0,1,324,9824,44,True,0
DEF,Watford,1.0,0,0,6,0,0.0,454,230,0,0,0.0,0.0,0,15,0,0,0,0,0,25391,0.0,1,0,378,40,True,0
DEF,Watford,1.0,0,0,6,0,0.0,454,164,0,0,0.0,0.0,0,5,0,0,0,0,0,25391,0.0,1,0,378,40,False,0
DEF,Wolves,1.0,0,0,6,0,0.0,443,222,0,0,0.0,0.0,0,3,0,0,0,0,0,169304,0.0,1,113134,114588,39,False,0
DEF,Man Utd,1.0,0,0,6,0,0.0,288,228,0,0,0.0,0.0,0,19,0,0,0,0,0,307993,0.0,1,366,23915,51,True,0
DEF,Brighton,3.0,0,0,22,0,4.1,62,227,1,0,1.4,10.2,76,9,0,0,0,0,0,65053,0.0,3,8254,3253,42,False,0
DEF,Wolves,1.0,0,0,6,0,0.0,635,222,0,0,0.0,0.0,0,3,0,0,0,0,0,2806,0.0,1,16727,16691,40,False,0
MID,Leeds,3.0,0,0,16,0,10.7,188,226,1,0,3.3,22.4,90,14,0,0,0,0,0,300472,0.0,2,6077,6869,50,True,1
MID,Aston Villa,2.0,0,0,10,0,0.0,526,225,0,0,0.3,3.0,16,8,0,0,0,0,0,4135,0.0,2,172,173,45,False,0
DEF,Everton,2.5,0,0,10,0,1.0,179,225,1,0,4.8,7.4,90,2,0,0,0,0,0,49137,40.0,2,1040,3223,48,True,1
MID,Norwich,3.3,0,0,17,1,2.8,471,230,0,0,1.2,8.8,90,18,0,0,0,0,0,5243,0.0,4,464,199,48,False,0
MID,Leeds,1.8,0,0,9,0,0.5,193,226,1,0,0.4,1.4,19,14,0,0,0,0,0,8553,2.0,2,18,1507,48,True,0
MID,Man Utd,1.0,0,0,6,0,0.0,511,228,0,0,0.0,0.0,0,19,0,0,0,0,0,776,0.0,1,0,2,50,True,0
DEF,Brighton,3.3,0,0,19,0,13.3,584,227,1,0,3.5,19.0,90,9,0,0,0,0,0,320912,3.0,3,26465,25783,51,False,0
MID,Leeds,1.0,0,0,6,0,0.0,197,226,0,0,0.0,0.0,0,14,0,0,0,0,0,8719,0.0,1,18,290,44,True,0
MID,Chelsea,1.5,0,0,6,0,0.0,124,223,0,0,0.0,0.0,0,17,0,0,0,0,0,8070,0.0,1,52,127,52,True,0
FWD,Brentford,5.5,0,1,33,0,15.1,78,222,2,1,10.9,31.8,90,20,0,0,0,0,0,995798,62.0,8,17987,70973,66,True,0
DEF,Brighton,1.0,0,0,6,0,0.0,59,227,0,0,0.0,0.0,0,9,0,0,0,0,0,181578,0.0,1,139,4574,48,False,0
GK,Brighton,1.0,0,0,6,0,0.0,54,227,0,0,0.0,0.0,0,9,0,0,0,0,0,215253,0.0,1,110368,118797,40,False,0
MID,Man City,1.8,0,0,6,0,0.0,507,229,0,0,0.0,0.0,0,16,0,0,0,0,0,6469,0.0,1,44,397,45,False,0
MID,Leicester,6.0,0,0,13,0,15.3,212,227,1,0,7.9,5.4,90,4,0,0,0,0,0,1268666,58.0,3,122608,59435,70,True,0
MID,Brighton,2.0,0,0,14,0,20.8,60,227,0,0,2.9,4.2,13,9,0,0,0,0,0,5062,4.0,2,87,234,53,False,0
FWD,Crystal Palace,5.0,0,2,36,0,1.9,586,224,2,1,8.8,36.2,67,11,0,0,0,0,0,392820,50.0,9,31082,52062,64,True,0
MID,Crystal Palace,0.0,0,0,6,0,0.0,541,224,0,0,0.0,0.0,0,11,0,0,0,0,0,1928,0.0,1,29,67,44,True,0
DEF,Man City,6.0,0,0,28,0,24.6,249,229,1,0,5.1,20.2,90,16,0,0,0,0,0,467225,6.0,3,17249,7703,54,False,0
MID,Newcastle,1.0,0,0,6,0,0.0,306,226,0,0,0.0,0.0,0,10,0,0,0,0,0,15141,0.0,1,55,1584,45,False,0
MID,Spurs,1.0,0,0,6,0,0.0,372,223,0,0,0.0,0.0,0,6,0,0,0,0,0,9823,0.0,1,189,313,59,False,0
GK,Crystal Palace,1.0,0,0,22,0,0.0,146,224,3,0,1.2,12.0,90,11,0,0,0,0,4,627515,0.0,3,3338,33470,46,True,0
GK,Brentford,1.5,0,0,15,0,0.0,673,222,2,0,0.6,5.6,90,20,0,0,0,0,0,485,0.0,2,271,62,45,True,0
DEF,Aston Villa,1.0,0,0,6,0,0.0,610,225,0,0,0.0,0.0,0,8,0,0,0,0,0,7160,0.0,1,253,243,40,False,0
DEF,Watford,1.0,0,0,6,0,0.0,398,230,0,0,0.0,0.0,0,15,0,0,0,0,0,18188,0.0,1,0,294,40,True,0
DEF,Watford,1.0,0,0,6,0,0.0,398,164,0,0,0.0,0.0,0,5,0,0,0,0,0,18188,0.0,1,0,294,40,False,0
MID,Brentford,2.2,0,0,12,0,14.9,86,222,0,0,2.3,6.0,26,20,0,0,0,0,0,4608,2.0,2,144,293,49,True,0
MID,Man Utd,1.0,0,0,6,0,0.0,636,228,0,0,0.0,0.0,0,19,0,0,0,0,0,455,0.0,1,54,61,50,True,0
MID,Southampton,1.0,0,0,6,0,0.0,350,229,0,0,0.0,0.0,0,12,0,0,0,0,0,4013,0.0,1,7,106,52,True,0
DEF,Spurs,0.5,0,0,5,0,0.3,371,223,2,0,0.6,5.2,56,6,0,0,0,0,0,101467,0.0,0,2194,3623,42,False,1
FWD,Chelsea,1.0,0,0,6,0,0.0,120,223,0,0,0.0,0.0,0,17,0,0,0,0,0,1253,0.0,1,0,1,65,True,0
DEF,Brighton,2.3,0,0,14,0,16.8,71,227,0,0,4.2,11.4,28,9,0,0,0,0,0,241788,14.0,2,12708,14782,45,False,0
MID,Watford,3.6,0,0,9,0,5.5,391,230,1,0,1.5,7.4,6,15,0,0,0,0,0,2760,2.0,2,120,227,52,True,0
MID,Watford,3.6,0,0,15,1,0.6,391,164,0,0,1.2,5.8,90,5,0,0,0,0,0,2760,6.0,4,120,227,52,False,0
GK,Aston Villa,2.2,0,0,6,0,0.0,691,225,0,0,0.0,0.0,0,8,0,0,0,0,0,323,0.0,1,322,58,40,False,0
FWD,Man Utd,2.5,1,0,22,0,10.4,269,228,0,0,2.9,17.0,8,19,0,0,0,0,0,173624,2.0,5,3834,26604,84,True,0
DEF,Leeds,1.0,0,0,6,0,0.0,463,226,0,0,0.0,0.0,0,14,0,0,0,0,0,25280,0.0,1,81,696,47,True,0
MID,Spurs,2.5,0,0,21,0,17.5,365,223,2,0,3.7,19.6,90,6,0,0,0,0,0,286163,0.0,3,2665,26106,50,False,0
MID,Watford,1.0,0,0,6,0,0.0,403,230,0,0,0.0,0.0,0,15,0,0,0,0,0,2704,0.0,1,126926,126504,52,True,0
MID,Watford,1.0,0,0,6,0,0.0,403,164,0,0,0.0,0.0,0,5,0,0,0,0,0,2704,0.0,1,126926,126504,52,False,0
DEF,Liverpool,8.0,0,0,16,0,11.0,237,224,1,0,2.1,8.2,90,7,0,0,0,0,0,4174626,2.0,3,203037,10902,84,False,0
DEF,Leicester,1.0,0,0,6,0,0.0,207,227,0,0,0.0,0.0,0,4,0,0,0,0,0,133009,0.0,1,36,1498,52,True,0
FWD,Southampton,1.0,0,0,6,0,0.0,348,229,0,0,0.0,0.0,0,12,0,0,0,0,0,212017,0.0,1,0,4467,45,True,0
DEF,Burnley,14.0,0,2,32,1,10.3,98,221,0,0,4.0,23.6,90,1,0,0,0,0,0,84617,6.0,9,5637,2473,49,False,0
DEF,Burnley,14.0,0,0,30,1,10.3,98,164,0,0,3.8,23.8,90,18,0,0,0,0,0,84617,4.0,7,5637,2473,49,True,0
DEF,Crystal Palace,1.0,0,0,6,0,0.0,150,224,0,0,0.0,0.0,0,11,0,0,0,0,0,52499,0.0,1,33,5302,45,True,0
MID,Liverpool,1.0,0,0,6,0,0.0,239,224,0,0,0.0,0.0,0,7,0,0,0,0,0,14695,0.0,1,15,542,50,False,0
DEF,Brentford,1.2,0,0,18,0,1.9,483,222,2,0,3.9,10.8,90,20,0,0,0,0,0,42841,26.0,2,300,463,44,True,0
GK,Norwich,1.0,0,0,6,0,0.0,313,230,0,0,0.0,0.0,0,18,0,0,0,0,0,56282,0.0,1,3118,1467,39,False,0
MID,Man City,4.5,0,0,18,0,17.6,33,229,1,0,6.8,8.0,90,16,0,0,0,0,0,695513,42.0,3,4313,10132,76,False,0
DEF,Burnley,0.0,0,0,6,0,0.0,110,221,0,0,0.0,0.0,0,1,0,0,0,0,0,184539,0.0,1,27332,9417,44,False,0
DEF,Burnley,0.0,0,0,6,0,0.0,110,164,0,0,0.0,0.0,0,18,0,0,0,0,0,184539,0.0,1,27332,9417,44,True,0
DEF,Brentford,1.0,0,0,6,0,0.0,594,222,0,0,0.0,0.0,0,20,0,0,0,0,0,2269,0.0,1,28,65,45,True,0
MID,Spurs,1.0,0,0,6,0,0.0,356,223,0,0,0.0,0.0,0,6,0,0,0,0,0,322,0.0,1,0,0,60,False,0
DEF,Man City,3.0,0,0,23,0,12.7,262,229,1,0,2.8,13.6,90,16,0,0,0,0,0,2481688,2.0,3,189501,203966,63,False,0
MID,Liverpool,1.0,0,0,6,0,0.0,226,224,0,0,0.0,0.0,0,7,0,0,0,0,0,3470,0.0,1,0,7,59,False,0
FWD,Burnley,1.0,0,0,6,0,0.0,105,221,0,0,0.0,0.0,0,1,0,0,0,0,0,56491,0.0,1,201,960,52,False,0
FWD,Burnley,1.0,0,0,6,0,0.0,105,164,0,0,0.0,0.0,0,18,0,0,0,0,0,56491,0.0,1,201,960,52,True,0
GK,Watford,1.6,0,0,12,0,0.0,389,230,3,0,0.2,2.0,90,15,0,0,0,0,0,225141,0.0,2,3768,26432,43,True,0
GK,Watford,1.6,0,0,6,0,0.0,389,164,0,0,0.0,0.0,0,5,0,0,0,0,0,225141,0.0,1,3768,26432,43,False,0
FWD,Chelsea,3.5,0,0,9,1,3.7,529,223,0,0,5.2,1.4,90,17,0,0,0,0,0,882814,47.0,3,22066,62174,115,True,0
MID,Aston Villa,1.0,0,0,6,0,0.0,29,225,0,0,0.0,0.0,0,8,0,0,0,0,0,1325,0.0,1,0,6,49,False,0
DEF,Watford,1.0,0,0,6,0,0.0,387,230,0,0,0.0,0.0,0,15,0,0,0,0,0,8359,0.0,1,27,340,43,True,0
DEF,Watford,1.0,0,0,6,0,0.0,387,164,0,0,0.0,0.0,0,5,0,0,0,0,0,8359,0.0,1,27,340,43,False,0
MID,Southampton,1.3,0,0,6,0,0.0,346,229,0,0,0.0,0.0,0,12,0,0,0,0,0,4448,0.0,1,53,160,47,True,0
MID,Arsenal,2.0,0,0,6,0,0.0,664,221,0,0,0.0,0.0,0,5,0,0,0,0,0,546,0.0,1,119,81,45,True,0
FWD,Southampton,0.0,0,0,6,0,0.0,519,229,0,0,0.0,0.0,0,12,0,0,0,0,0,16066,0.0,1,420,858,54,True,0
MID,Man City,4.5,0,0,27,0,63.3,261,229,1,0,11.5,27.2,90,16,0,0,0,0,0,2248851,24.0,3,124999,190630,75,False,0
FWD,Norwich,6.3,1,0,16,1,0.8,329,230,0,0,1.8,0.0,90,18,0,0,0,0,0,60285,20.0,6,23374,5416,49,False,0
GK,Brighton,1.0,0,0,6,0,0.0,476,227,0,0,0.0,0.0,0,9,0,0,0,0,0,4126,0.0,1,50,136,45,False,0
DEF,Wolves,6.5,0,0,18,0,0.2,429,222,1,0,1.8,17.4,90,3,0,0,0,0,0,1027477,0.0,3,221934,15838,47,False,0
GK,Norwich,4.0,0,2,32,1,0.0,448,230,0,0,2.6,26.2,90,18,0,0,0,0,3,120368,0.0,10,3018,3514,40,False,0
FWD,Aston Villa,1.0,0,0,6,0,0.0,48,225,0,0,0.0,0.0,0,8,0,0,0,0,0,59,0.0,1,0,0,55,False,0
GK,Man City,2.0,0,0,6,0,0.0,615,229,0,0,0.0,0.0,0,16,0,0,0,0,0,1308,0.0,1,27,72,40,False,0
MID,Brighton,1.0,0,0,6,0,0.0,53,227,0,0,0.0,0.0,0,9,0,0,0,0,0,14550,0.0,1,96,1243,53,False,0
DEF,Brighton,1.0,0,0,6,0,0.0,560,227,0,0,0.0,0.0,0,9,0,0,0,0,0,15797,0.0,1,154,278,40,False,0
DEF,Wolves,2.5,0,0,20,0,1.6,685,222,1,0,2.3,21.4,90,3,0,0,0,0,0,200,0.0,2,170,34,45,False,1
MID,Leicester,3.0,0,0,22,0,24.4,210,227,1,0,8.9,30.8,90,4,0,0,0,0,0,359923,34.0,3,7448,21278,64,True,0
GK,Spurs,2.0,0,0,24,0,0.0,353,223,2,0,3.3,32.6,90,6,0,0,0,0,5,774908,0.0,3,5835,29976,54,False,0
DEF,Watford,6.4,0,0,6,0,0.0,379,230,0,0,0.0,0.0,0,15,0,0,0,0,0,46385,0.0,1,20861,3047,43,True,0
DEF,Watford,6.4,0,0,28,1,0.8,379,164,0,0,2.0,18.8,90,5,0,0,0,0,0,46385,0.0,7,20861,3047,43,False,0
DEF,Everton,1.0,0,0,6,0,0.0,623,225,0,0,0.0,0.0,0,2,0,0,0,0,0,2202,0.0,1,106,101,40,True,0
MID,Brentford,1.2,0,0,10,0,14.3,85,222,0,0,2.1,6.2,7,20,0,0,0,0,0,3697,0.0,2,46,93,53,True,0
GK,Leeds,3.5,0,0,21,0,0.0,199,226,1,0,1.6,15.8,90,14,0,0,0,0,2,199939,0.0,3,5805,4265,48,True,0
GK,Leeds,1.0,0,0,6,0,0.0,183,226,0,0,0.0,0.0,0,14,0,0,0,0,0,420,0.0,1,0,0,45,True,0
MID,Spurs,1.0,0,0,6,0,0.0,597,223,0,0,0.0,0.0,0,6,0,0,0,0,0,1486,0.0,1,12,45,45,False,0
DEF,Arsenal,8.0,0,0,29,1,4.0,23,221,0,0,4.7,20.0,90,5,0,0,0,0,0,505180,23.0,7,25978,25051,53,True,0
MID,Spurs,0.5,0,0,6,0,0.0,375,223,0,0,0.0,0.0,0,6,0,0,0,0,0,24060,0.0,1,256,701,57,False,0
DEF,Watford,1.0,0,0,6,0,0.0,396,230,0,0,0.0,0.0,0,15,0,0,0,0,0,4433,0.0,1,44,315,43,True,0
DEF,Watford,1.0,0,0,6,0,0.0,396,164,0,0,0.0,0.0,0,5,0,0,0,0,0,4433,0.0,1,44,315,43,False,0
MID,Liverpool,4.5,0,0,16,0,27.3,222,224,1,0,6.0,8.2,90,7,0,0,0,0,0,187471,24.0,3,5994,13083,51,False,0
MID,Man City,2.0,0,0,6,0,0.0,605,229,0,0,0.0,0.0,0,16,0,0,0,0,0,903,0.0,1,16589,16612,44,False,0
MID,Southampton,4.3,0,0,9,0,0.7,349,229,0,0,1.3,5.4,8,12,0,0,0,0,0,14049,7.0,2,641,788,45,True,0
DEF,Arsenal,1.0,0,0,6,0,0.0,10,221,0,0,0.0,0.0,0,5,0,0,0,0,0,14761,0.0,1,33,243,42,True,0
MID,Burnley,6.0,0,0,14,1,24.6,118,221,0,0,5.9,12.0,90,1,0,0,0,0,0,18061,22.0,4,2740,958,57,False,0
MID,Burnley,6.0,0,0,20,1,15.4,118,164,0,0,2.9,12.6,90,18,0,0,0,0,0,18061,1.0,4,2740,958,57,True,0
DEF,Wolves,1.0,0,0,6,0,0.0,433,222,0,0,0.0,0.0,0,3,0,0,0,0,0,551,0.0,1,16,19,45,False,0
GK,Brentford,1.0,0,0,6,0,0.0,94,222,0,0,0.0,0.0,0,20,0,0,0,0,0,139095,0.0,1,6351,6858,39,True,0
MID,Newcastle,1.0,0,0,6,0,0.0,312,226,0,0,0.0,0.0,0,10,0,0,0,0,0,3300,0.0,1,0,38,45,False,0
MID,Chelsea,1.8,0,0,9,0,0.3,592,223,0,0,0.1,0.2,1,17,0,0,0,0,0,9466,0.0,2,48,173,49,True,0
DEF,Crystal Palace,1.0,0,0,6,0,0.0,147,224,0,0,0.0,0.0,0,11,0,0,0,0,0,13051,0.0,1,12,2454,43,True,0
FWD,Chelsea,2.2,0,0,6,0,0.0,134,223,0,0,0.0,0.0,0,17,0,0,0,0,0,127656,0.0,1,2747,4058,86,True,0
GK,Brentford,1.0,0,0,6,0,0.0,80,222,0,0,0.0,0.0,0,20,0,0,0,0,0,278340,0.0,1,261,9116,43,True,0
GK,Burnley,19.0,0,3,37,1,0.0,112,221,0,0,3.5,35.0,90,1,0,0,0,0,5,203078,0.0,11,5142,3375,54,False,0
GK,Burnley,19.0,0,2,37,1,0.0,112,164,0,0,3.9,38.8,90,18,0,0,0,0,5,203078,0.0,10,5142,3375,54,True,0
DEF,Aston Villa,3.6,0,0,26,1,0.0,45,225,0,0,1.2,12.4,90,8,0,0,0,0,0,123123,0.0,7,632,19244,49,False,0
GK,Leeds,1.5,0,0,6,0,0.0,490,226,0,0,0.0,0.0,0,14,0,0,0,0,0,10841,0.0,1,122,140,44,True,0
MID,Arsenal,5.0,0,0,15,1,33.1,26,221,0,0,7.5,7.4,90,5,0,0,0,0,0,593876,34.0,4,61723,51502,54,True,0
DEF,Wolves,1.0,0,0,6,0,0.0,549,222,0,0,0.0,0.0,0,3,0,0,0,0,0,15397,0.0,1,0,150,40,False,0
MID,Spurs,1.0,0,0,6,0,0.0,359,223,0,0,0.0,0.0,0,6,0,0,0,0,0,1188331,0.0,1,2452,527674,106,False,0
MID,Leeds,1.5,0,0,6,0,0.0,631,226,0,0,0.0,0.0,0,14,0,0,0,0,0,322,0.0,1,81,77,45,True,0
FWD,Everton,1.0,0,0,6,0,0.0,607,225,0,0,0.0,0.0,0,2,0,0,0,0,0,28864,0.0,1,1324,2025,45,True,0
MID,Burnley,0.0,0,0,6,0,0.0,101,221,0,0,0.0,0.0,0,1,0,0,0,0,0,11810,0.0,1,376,416,44,False,0
MID,Burnley,0.0,0,0,6,0,0.0,101,164,0,0,0.0,0.0,0,18,0,0,0,0,0,11810,0.0,1,376,416,44,True,0
MID,Watford,1.0,0,0,6,0,0.0,397,230,0,0,0.0,0.0,0,15,0,0,0,0,0,2360,0.0,1,0,32,45,True,0
MID,Watford,1.0,0,0,6,0,0.0,397,164,0,0,0.0,0.0,0,5,0,0,0,0,0,2360,0.0,1,0,32,45,False,0
MID,Aston Villa,1.0,0,0,6,0,0.0,496,225,0,0,0.0,0.0,0,8,0,0,0,0,0,17903,0.0,1,0,1755,44,False,0
FWD,Wolves,1.0,0,0,6,0,0.0,523,222,0,0,0.0,0.0,0,3,0,0,0,0,0,4204,0.0,1,0,34,50,False,0
MID,Aston Villa,8.5,0,0,18,1,2.8,51,225,0,0,2.2,18.8,90,8,0,0,0,0,0,222102,0.0,4,70348,12538,46,False,0
DEF,Leeds,2.0,0,0,6,0,0.0,608,226,0,0,0.0,0.0,0,14,0,0,0,0,0,3177,0.0,1,553,131,40,True,0
DEF,Man City,2.0,0,0,6,0,0.0,258,229,0,0,0.0,0.0,0,16,0,0,0,0,0,36129,0.0,1,198,1695,47,False,0
DEF,Everton,2.0,0,0,15,0,11.9,502,225,1,0,1.9,6.8,90,2,0,0,0,0,0,8242,0.0,3,115,367,44,True,0
MID,Leicester,1.0,0,0,6,0,0.0,206,227,0,0,0.0,0.0,0,4,0,0,0,0,0,1570,0.0,1,0,6,49,True,0
MID,Newcastle,2.0,0,0,10,1,22.3,19,226,0,0,7.0,12.4,90,10,0,0,0,0,0,39954,35.0,4,331,895,57,False,0
DEF,West Ham,1.0,0,0,6,0,0.0,409,228,0,0,0.0,0.0,0,13,0,0,0,0,0,25000,0.0,1,46,447,49,False,0
MID,Leeds,1.0,0,0,6,0,0.0,182,226,0,0,0.0,0.0,0,14,0,0,0,0,0,163,0.0,1,0,2,55,True,0
MID,Arsenal,1.0,0,0,6,0,0.0,531,221,0,0,0.0,0.0,0,5,0,0,0,0,0,679,0.0,1,0,2,50,True,0
DEF,Arsenal,8.0,0,0,26,1,2.1,14,221,0,0,1.9,13.0,90,5,0,0,0,0,0,49821,4.0,7,19792,17389,41,True,0
FWD,Spurs,7.0,0,0,11,0,25.5,357,223,2,0,5.4,11.6,90,6,0,0,0,0,0,1188299,17.0,3,105346,81854,123,False,0
FWD,Watford,1.0,0,0,6,0,0.0,380,230,0,0,0.0,0.0,0,15,0,0,0,0,0,30111,0.0,1,0,179,54,True,0
FWD,Watford,1.0,0,0,6,0,0.0,380,164,0,0,0.0,0.0,0,5,0,0,0,0,0,30111,0.0,1,0,179,54,False,0
DEF,Everton,1.0,0,0,6,0,0.0,165,225,0,0,0.0,0.0,0,2,0,0,0,0,0,41707,0.0,1,768,4137,49,True,0
MID,Leicester,6.0,1,0,23,1,14.6,215,227,0,0,4.3,5.2,63,4,0,0,0,0,0,190429,23.0,7,2327,3753,65,True,0
DEF,Spurs,1.0,0,0,6,0,0.0,370,223,0,0,0.0,0.0,0,6,0,0,0,0,0,1567426,0.0,1,31724,96825,54,False,0
DEF,Leicester,1.0,0,0,6,0,0.0,209,227,0,0,0.0,0.0,0,4,0,0,0,0,0,57144,0.0,1,76,13722,53,True,0
DEF,Crystal Palace,0.5,0,0,26,0,13.2,488,224,3,0,4.0,26.2,90,11,0,0,0,0,0,32873,1.0,2,411,1269,45,True,0
GK,Burnley,1.0,0,0,6,0,0.0,117,221,0,0,0.0,0.0,0,1,0,0,0,0,0,414,0.0,1,0,4,45,False,0
GK,Burnley,1.0,0,0,6,0,0.0,117,164,0,0,0.0,0.0,0,18,0,0,0,0,0,414,0.0,1,0,4,45,True,0
GK,Man Utd,1.0,0,0,6,0,0.0,509,228,0,0,0.0,0.0,0,19,0,0,0,0,0,60064,0.0,1,2514,1414,39,True,0
GK,Spurs,0.5,0,0,6,0,0.0,486,223,0,0,0.0,0.0,0,6,0,0,0,0,0,16429,0.0,1,67,205,43,False,0
MID,Burnley,2.0,0,0,6,1,1.0,115,221,0,0,1.4,13.2,90,1,0,0,0,0,0,215124,0.0,3,117363,122567,43,False,1
MID,Burnley,2.0,0,0,6,0,0.0,115,164,0,0,0.0,0.0,0,18,0,0,0,0,0,215124,0.0,1,117363,122567,43,True,0
FWD,Watford,9.0,0,0,18,0,22.6,404,230,3,0,7.7,12.4,90,15,0,0,0,0,0,56954,42.0,3,31839,3699,54,True,0
FWD,Watford,9.0,0,0,12,1,13.5,404,164,0,0,9.7,12.0,82,5,0,0,0,0,0,56954,71.0,3,31839,3699,54,False,0
DEF,Southampton,0.0,0,0,6,0,0.0,667,229,0,0,0.0,0.0,0,12,0,0,0,0,0,3173,0.0,1,109938,107089,40,True,0
MID,Leeds,1.0,0,0,6,0,0.0,195,226,0,0,0.0,0.0,0,14,0,0,0,0,0,1774,0.0,1,0,16,45,True,0
MID,Leeds,1.5,0,0,6,0,0.0,600,226,0,0,0.0,0.0,0,14,0,0,0,0,0,1292,0.0,1,104,120,44,True,0
MID,Man Utd,5.3,0,0,22,1,14.0,274,228,0,0,4.6,14.6,81,19,0,0,0,0,0,125692,17.0,4,6526,10508,49,True,0
DEF,Wolves,1.0,0,0,6,0,0.0,446,222,0,0,0.0,0.0,0,3,0,0,0,0,0,1704,0.0,1,21,32,44,False,0
DEF,Crystal Palace,1.5,0,0,15,0,0.8,162,224,3,0,0.9,8.2,90,11,0,0,0,0,0,104789,0.0,2,3599,7090,45,True,0
GK,Burnley,0.0,0,0,6,0,0.0,480,221,0,0,0.0,0.0,0,1,0,0,0,0,0,16831,0.0,1,443,322,45,False,0
GK,Burnley,0.0,0,0,6,0,0.0,480,164,0,0,0.0,0.0,0,18,0,0,0,0,0,16831,0.0,1,443,322,45,True,0
DEF,Chelsea,1.0,0,0,6,0,0.0,133,223,0,0,0.0,0.0,0,17,0,0,0,0,0,132276,0.0,1,112,6439,46,True,0
MID,Leeds,12.5,0,0,21,0,30.9,267,226,1,0,7.9,18.2,90,14,0,0,0,0,0,175640,30.0,3,100299,7037,55,True,0
GK,Man Utd,5.7,0,0,29,1,0.0,270,228,0,0,1.1,11.4,90,19,0,0,0,0,2,1171314,0.0,7,39751,40205,52,True,0
DEF,Man Utd,1.0,0,0,6,0,0.0,284,228,0,0,0.0,0.0,0,19,0,0,0,0,0,48034,0.0,1,1334,2813,48,True,0
MID,Brighton,1.0,0,0,6,0,0.0,612,227,0,0,0.0,0.0,0,9,0,0,0,0,0,465,0.0,1,12,28,45,False,0
DEF,Watford,6.4,0,0,16,0,0.5,677,230,3,0,3.9,21.6,90,15,0,0,0,0,0,1930,17.0,2,1520,247,45,True,0
DEF,Watford,6.4,0,0,33,1,0.3,677,164,0,0,2.3,18.6,90,5,0,0,0,0,0,1930,4.0,7,1520,247,45,False,0
DEF,Leicester,1.5,0,0,6,0,0.0,340,227,0,0,0.0,0.0,0,4,0,0,0,0,0,43109,0.0,1,372,882,47,True,0
MID,Chelsea,1.5,0,0,6,0,0.0,671,223,0,0,0.0,0.0,0,17,0,0,0,0,0,107,0.0,1,32,31,45,True,0
MID,Leicester,1.5,0,0,9,0,0.0,211,227,0,0,0.0,0.0,1,4,0,0,0,0,0,9991,0.0,2,175,308,57,True,0
FWD,Brighton,4.7,1,0,24,0,38.1,63,227,1,0,8.6,24.6,90,9,0,0,0,0,0,604816,23.0,6,30192,59913,65,False,0
FWD,Brighton,4.3,0,2,30,0,1.3,447,227,0,1,7.6,36.2,28,9,0,0,0,0,0,20006,38.0,8,1636,2118,59,False,0
MID,West Ham,1.3,0,0,15,0,12.2,422,228,1,0,3.2,9.2,90,13,0,0,0,0,0,342432,11.0,3,243,36840,57,False,0
FWD,Brighton,1.0,0,0,6,0,0.0,72,227,0,0,0.0,0.0,0,9,0,0,0,0,0,8214,0.0,1,0,623,53,False,0
DEF,Newcastle,2.5,1,0,21,0,0.3,302,226,0,0,1.0,9.2,27,10,0,0,0,0,0,502663,0.0,5,7582,13792,39,False,0
MID,Brentford,1.0,0,0,6,0,0.0,614,222,0,0,0.0,0.0,0,20,0,0,0,0,0,726,0.0,1,47,50,45,True,0
DEF,Southampton,1.7,0,0,14,0,1.0,460,229,1,0,0.8,5.2,90,12,0,0,0,0,0,8261,2.0,3,97,268,48,True,0
MID,Wolves,1.0,0,0,6,0,0.0,661,222,0,0,0.0,0.0,0,3,0,0,0,0,0,575,0.0,1,42,52,45,False,0
MID,Crystal Palace,1.0,0,0,11,0,0.4,386,224,2,0,0.3,2.8,76,11,0,0,0,0,0,7858,0.0,2,330,1003,47,True,1
DEF,Spurs,1.5,0,0,12,0,0.8,364,223,2,0,1.2,11.4,90,6,0,0,0,0,0,174136,0.0,2,2509,13416,45,False,0
MID,Arsenal,1.0,0,0,6,0,0.0,17,221,0,0,0.0,0.0,0,5,0,0,0,0,0,66544,0.0,1,16572,17179,69,True,0
DEF,Crystal Palace,0.0,0,0,6,0,0.0,151,224,0,0,0.0,0.0,0,11,0,0,0,0,0,79527,0.0,1,435,1636,39,True,0
GK,Wolves,1.0,0,0,6,0,0.0,444,222,0,0,0.0,0.0,0,3,0,0,0,0,0,104261,0.0,1,8045,2856,39,False,0
GK,Burnley,0.0,0,0,6,0,0.0,114,221,0,0,0.0,0.0,0,1,0,0,0,0,0,9766,0.0,1,66,132,44,False,0
GK,Burnley,0.0,0,0,6,0,0.0,114,164,0,0,0.0,0.0,0,18,0,0,0,0,0,9766,0.0,1,66,132,44,True,0
MID,Arsenal,1.0,0,0,6,0,0.0,7,221,0,0,0.0,0.0,0,5,0,0,0,0,0,27115,0.0,1,38,1266,48,True,0
MID,Watford,6.4,0,0,27,0,29.3,679,230,3,0,4.6,16.2,90,15,0,0,0,0,0,3188,0.0,3,3041,199,50,True,0
MID,Watford,6.4,0,0,19,1,1.3,679,164,0,0,1.0,9.0,69,5,0,0,0,0,0,3188,0.0,4,3041,199,50,False,0
MID,Brentford,1.0,0,0,6,0,0.0,93,222,0,0,0.0,0.0,0,20,0,0,0,0,0,57284,0.0,1,0,2123,44,True,0
FWD,Brighton,1.0,0,0,6,0,0.0,535,227,0,0,0.0,0.0,0,9,0,0,0,0,0,23722,0.0,1,0,383,45,False,0
FWD,Wolves,2.5,0,0,7,0,1.1,445,222,1,0,0.5,0.0,74,3,0,0,0,0,0,31300,5.0,3,949,589,56,False,0
FWD,West Ham,3.7,0,0,13,0,2.0,413,228,1,0,2.8,5.2,90,13,0,0,0,0,0,3736105,21.0,3,113685,191789,79,False,0
DEF,Brighton,1.0,0,0,6,0,0.0,68,227,0,0,0.0,0.0,0,9,0,0,0,0,0,503,0.0,1,0,4,40,False,0
MID,Brighton,1.0,0,0,6,0,0.0,70,227,0,0,0.0,0.0,0,9,0,0,0,0,0,493746,0.0,1,286,33407,44,False,0
DEF,Leeds,4.5,0,0,21,0,12.5,185,226,1,0,4.9,30.4,90,14,0,0,0,0,0,261578,6.0,3,12574,4096,43,True,0
DEF,Brentford,1.8,0,0,8,0,1.1,89,222,1,0,0.2,0.4,32,20,0,0,0,0,0,11042,0.0,2,1515,992,43,True,0
GK,Liverpool,2.0,0,0,6,0,0.0,656,224,0,0,0.0,0.0,0,7,0,0,0,0,0,420,0.0,1,36,43,40,False,0
DEF,Leicester,1.0,0,0,6,0,0.0,201,227,0,0,0.0,0.0,0,4,0,0,0,0,0,15639,0.0,1,47,607,54,True,0
DEF,West Ham,1.0,0,0,6,0,0.0,644,228,0,0,0.0,0.0,0,13,0,0,0,0,0,1512,0.0,1,149,88,40,False,0
MID,Man Utd,5.0,0,0,13,1,17.6,512,228,0,0,5.4,8.0,61,19,0,0,0,0,0,12321,28.0,4,10819,1012,48,True,0
DEF,Spurs,0.5,0,0,6,0,0.0,374,223,0,0,0.0,0.0,0,6,0,0,0,0,0,5646,0.0,1,30,84,43,False,0
MID,Man City,1.0,0,0,6,0,0.0,268,229,0,0,0.0,0.0,0,16,0,0,0,0,0,180695,0.0,1,0,1483,67,False,0
MID,Brentford,1.0,0,0,6,0,0.0,662,222,0,0,0.0,0.0,0,20,0,0,0,0,0,102,0.0,1,29,13,45,True,0
MID,Chelsea,1.5,0,0,6,0,0.0,672,223,0,0,0.0,0.0,0,17,0,0,0,0,0,105,0.0,1,33,41,45,True,0
DEF,Brentford,1.2,0,0,6,0,0.0,569,222,0,0,0.0,0.0,0,20,0,0,0,0,0,22347,0.0,1,859,596,39,True,0
FWD,Aston Villa,1.0,0,0,6,0,0.0,47,225,0,0,0.0,0.0,0,8,0,0,0,0,0,9093,0.0,1,0,35,54,False,0
GK,Everton,2.5,0,0,19,0,10.0,170,225,1,0,2.8,18.0,90,2,0,0,0,0,2,416579,0.0,3,3057,18831,49,True,0
DEF,Burnley,12.0,0,0,29,1,0.8,100,221,0,0,3.0,28.2,90,1,0,0,0,0,0,7729,1.0,7,79,211,42,False,0
DEF,Burnley,12.0,0,0,26,1,5.8,100,164,0,0,4.5,12.4,90,18,0,0,0,0,0,7729,27.0,7,79,211,42,True,0
FWD,Watford,3.0,0,0,4,0,2.2,472,230,2,0,5.8,1.8,31,15,0,0,0,0,0,129844,54.0,2,4107,9770,50,True,0
FWD,Watford,3.0,0,0,10,0,10.0,472,164,0,0,2.2,2.0,7,5,0,0,0,0,0,129844,10.0,2,4107,9770,50,False,0
GK,Arsenal,1.5,0,0,6,0,0.0,1,221,0,0,0.0,0.0,0,5,0,0,0,0,0,75890,0.0,1,337,862,45,True,0
MID,Chelsea,1.8,0,0,6,0,0.0,141,223,0,0,0.0,0.0,0,17,0,0,0,0,0,282334,0.0,1,2280,10269,78,True,0
FWD,Southampton,1.0,0,0,6,0,0.0,344,229,0,0,0.0,0.0,0,12,0,0,0,0,0,1167,0.0,1,0,11,45,True,0
MID,Arsenal,5.0,0,0,20,1,50.9,558,221,0,0,10.3,24.8,90,5,0,0,0,0,0,378185,27.0,4,18901,57315,56,True,0
MID,Aston Villa,1.0,0,0,6,0,0.0,492,225,0,0,0.0,0.0,0,8,0,0,0,0,0,35616,0.0,1,37,535,63,False,0
MID,Crystal Palace,2.5,0,0,24,0,31.1,464,224,3,0,7.6,14.6,90,11,0,0,0,0,0,14173,30.0,3,1644,3288,54,True,0
MID,Wolves,1.0,0,0,6,0,0.0,440,222,0,0,0.0,0.0,0,3,0,0,0,0,0,10001,0.0,1,0,112,45,False,0
MID,Newcastle,0.5,0,0,6,0,0.0,297,226,0,0,0.0,0.0,0,10,0,0,0,0,0,3825,0.0,1,50,75,48,False,0
DEF,Everton,0.0,0,0,6,0,0.0,169,225,0,0,0.0,0.0,0,2,0,0,0,0,0,284983,0.0,1,112549,147164,49,True,0
MID,Man Utd,6.3,0,0,20,1,5.1,289,228,0,0,5.1,7.8,81,19,0,0,0,0,0,524997,38.0,4,24063,18706,72,True,0
GK,Everton,1.0,0,0,6,0,0.0,181,225,0,0,0.0,0.0,0,2,0,0,0,0,0,78422,0.0,1,0,1311,40,True,0
DEF,Watford,1.0,0,0,6,0,0.0,390,230,0,0,0.0,0.0,0,15,0,0,0,0,0,5068,0.0,1,18,135,43,True,0
DEF,Watford,1.0,0,0,6,0,0.0,390,164,0,0,0.0,0.0,0,5,0,0,0,0,0,5068,0.0,1,18,135,43,False,0
DEF,Spurs,0.5,0,0,8,0,1.0,368,223,2,0,0.8,3.2,55,6,0,0,0,0,0,6276,4.0,1,81,92,43,False,0
MID,Spurs,1.0,0,0,8,0,0.0,487,223,0,0,0.0,0.0,1,6,0,0,0,0,0,5588,0.0,2,69,128,57,False,0
DEF,Leicester,2.0,0,0,22,0,0.2,208,227,1,0,1.6,16.0,90,4,0,0,0,0,0,687536,0.0,3,13779,33131,38,True,0
MID,Wolves,1.0,0,0,6,0,0.0,548,222,0,0,0.0,0.0,0,3,0,0,0,0,0,22074,0.0,1,51,282,45,False,0
DEF,Chelsea,4.8,0,0,31,1,23.8,119,223,0,0,4.6,15.8,90,17,0,0,0,0,0,306419,6.0,7,4381,6332,57,True,0
GK,Liverpool,2.0,0,0,6,0,0.0,242,224,0,0,0.0,0.0,0,7,0,0,0,0,0,11551,0.0,1,297,600,43,False,0
DEF,Brighton,1.8,0,0,16,0,2.0,58,227,1,0,3.7,14.8,90,9,0,0,0,0,0,22166,20.0,2,112943,113100,44,False,1
DEF,Norwich,1.0,0,0,6,0,0.0,331,230,0,0,0.0,0.0,0,18,0,0,0,0,0,239331,0.0,1,364,9839,39,False,0
MID,Man City,4.5,0,0,20,0,39.2,265,229,1,0,10.8,16.2,90,16,0,0,0,0,0,709587,53.0,3,90268,48760,80,False,0
MID,Liverpool,1.0,0,0,6,0,0.0,225,224,0,0,0.0,0.0,0,7,0,0,0,0,0,39812,0.0,1,22,1867,53,False,0
MID,Norwich,1.3,0,0,6,0,0.0,323,230,0,0,0.0,0.0,0,18,0,0,0,0,0,2934,0.0,1,57,67,51,False,0
DEF,Leicester,1.0,0,0,6,0,0.0,473,227,0,0,0.0,0.0,0,4,0,0,0,0,0,26477,0.0,1,16,731,46,True,0
DEF,Aston Villa,7.0,1,3,40,1,31.9,168,225,0,0,7.3,39.2,90,8,0,0,0,0,0,530465,2.0,13,108665,11272,50,False,0
FWD,Brentford,1.0,0,0,6,0,0.0,640,222,0,0,0.0,0.0,0,20,0,0,0,0,0,23738,0.0,1,18404,19549,45,True,0
MID,Liverpool,1.0,0,0,6,0,0.0,553,224,0,0,0.0,0.0,0,7,0,0,0,0,0,1162,0.0,1,0,11,45,False,0
GK,Leicester,1.0,0,0,6,0,0.0,204,227,0,0,0.0,0.0,0,4,0,0,0,0,0,359497,0.0,1,564,5870,40,True,0
DEF,Arsenal,1.0,0,0,6,0,0.0,11,221,0,0,0.0,0.0,0,5,0,0,0,0,0,6615,0.0,1,9,77,42,True,0
GK,Brentford,1.8,0,0,6,0,0.0,556,222,0,0,0.0,0.0,0,20,0,0,0,0,0,82671,0.0,1,2589,6802,45,True,0
MID,Man City,2.0,0,0,6,0,0.0,508,229,0,0,0.0,0.0,0,16,0,0,0,0,0,1493,0.0,1,7,16,48,False,0
MID,Liverpool,7.0,0,0,30,0,14.2,227,224,1,1,9.9,35.4,59,7,0,0,0,0,0,15158,49.0,7,639,1228,58,False,0
MID,Burnley,1.0,0,0,6,0,0.0,116,221,0,0,0.0,0.0,0,1,0,0,0,0,0,189,0.0,1,0,0,45,False,0
MID,Burnley,1.0,0,0,6,0,0.0,116,164,0,0,0.0,0.0,0,18,0,0,0,0,0,189,0.0,1,0,0,45,True,0
DEF,West Ham,4.0,0,0,17,0,0.3,414,228,1,0,1.4,14.0,90,13,0,0,0,0,0,83419,0.0,3,1696,8478,49,False,0
GK,Leicester,3.5,0,0,21,0,0.0,200,227,1,0,2.8,27.8,90,4,0,0,0,0,3,1144014,0.0,4,15153,20117,48,True,0
DEF,Arsenal,10.0,0,2,32,1,18.2,67,221,0,0,4.6,18.2,90,5,0,0,0,0,0,1118211,10.0,9,54311,40324,45,True,0
DEF,Aston Villa,1.0,0,0,6,0,0.0,684,225,0,0,0.0,0.0,0,8,0,0,0,0,0,182,0.0,1,134,24,40,False,0
MID,Norwich,1.7,0,0,6,0,0.0,528,230,0,0,0.0,0.0,0,18,0,0,0,0,0,3561,0.0,1,47,65,48,False,0
DEF,Chelsea,7.2,0,2,36,1,0.5,121,223,0,1,6.2,36.8,90,17,0,0,0,0,0,433314,25.0,14,12966,13277,56,True,1
MID,Wolves,2.5,0,0,18,0,20.5,438,222,1,0,2.5,4.8,90,3,0,0,0,0,0,14697,0.0,3,2856,2179,55,False,0
FWD,Brentford,1.0,0,0,6,0,0.0,95,222,0,0,0.0,0.0,0,20,0,0,0,0,0,1101,0.0,1,0,4,54,True,0
MID,Man Utd,1.1,0,0,6,0,0.0,485,228,0,0,0.0,0.0,0,19,0,0,0,0,0,183822,0.0,1,1671,18383,89,True,0
MID,Watford,1.0,0,0,6,0,0.0,669,230,0,0,0.0,0.0,0,15,0,0,0,0,0,138,0.0,1,35,32,45,True,0
MID,Watford,1.0,0,0,6,0,0.0,669,164,0,0,0.0,0.0,0,5,0,0,0,0,0,138,0.0,1,35,32,45,False,0
DEF,West Ham,1.3,0,0,21,0,10.4,128,228,1,0,3.0,17.2,90,13,0,0,0,0,0,95441,2.0,3,190,1983,54,False,0
MID,Norwich,1.0,0,0,6,0,0.0,317,230,0,0,0.0,0.0,0,18,0,0,0,0,0,21527,0.0,1,48,1024,44,False,0
DEF,West Ham,5.7,0,0,13,0,1.3,411,228,1,0,1.0,8.4,90,13,0,0,0,0,0,598841,0.0,3,23520,8567,53,False,0
FWD,Norwich,1.0,0,0,6,0,0.0,322,230,0,0,0.0,0.0,0,18,0,0,0,0,0,804,0.0,1,0,8,54,False,0
GK,Man City,2.0,0,0,6,0,0.0,593,229,0,0,0.0,0.0,0,16,0,0,0,0,0,153001,0.0,1,695,12122,39,False,0
FWD,Everton,1.0,0,0,6,0,0.0,545,225,0,0,0.0,0.0,0,2,0,0,0,0,0,1504,0.0,1,0,14,45,True,0
DEF,Newcastle,1.0,0,0,6,0,0.0,465,226,0,0,0.0,0.0,0,10,0,0,0,0,0,9641,0.0,1,90,199,43,False,0
MID,Liverpool,4.5,0,0,21,0,25.5,244,224,1,0,3.8,10.8,90,7,0,0,0,0,0,7380,2.0,3,671,335,50,False,0
DEF,Liverpool,2.0,0,0,6,0,0.0,627,224,0,0,0.0,0.0,0,7,0,0,0,0,0,1045,0.0,1,16607,16620,40,False,0
GK,Wolves,1.0,0,0,6,0,0.0,452,222,0,0,0.0,0.0,0,3,0,0,0,0,0,15594,0.0,1,229,202,43,False,0
DEF,Southampton,1.7,0,1,30,0,0.8,351,229,1,0,5.9,54.4,90,12,0,0,0,0,0,15899,4.0,4,197,579,45,True,0
MID,Chelsea,4.2,0,0,11,0,1.4,130,223,0,0,0.7,5.2,17,17,0,0,0,0,0,209571,0.0,2,116312,110182,49,True,0
MID,Norwich,1.0,0,0,6,0,0.0,330,230,0,0,0.0,0.0,0,18,0,0,0,0,0,26,0.0,1,0,0,50,False,0
MID,Leicester,1.0,0,0,6,0,0.0,216,227,0,0,0.0,0.0,0,4,0,0,0,0,0,74867,0.0,1,22,2195,48,True,0
DEF,Newcastle,0.6,0,0,6,0,0.0,292,226,0,0,0.0,0.0,0,10,0,0,0,0,0,16202,0.0,1,173,765,49,False,0
MID,Southampton,3.7,1,0,17,0,11.0,336,229,0,0,2.8,17.2,45,12,0,0,0,0,0,16138,0.0,5,305,968,59,True,0
GK,Brighton,1.0,0,0,6,0,0.0,65,227,0,0,0.0,0.0,0,9,0,0,0,0,0,618,0.0,1,0,2,45,False,0
DEF,West Ham,1.3,0,0,9,0,0.1,415,228,1,0,0.2,1.4,20,13,0,0,0,0,0,8021,0.0,2,88,97,44,False,0
